ninja: Entering directory `build'
[0/1] Re-running CMake...
-- Could NOT find Doxygen (missing: DOXYGEN_EXECUTABLE) 
-- Could NOT find unofficial-breakpad (missing: unofficial-breakpad_DIR)
-- Could NOT find Allegro (missing: Allegro_LIBRARY Allegro_INCLUDE_DIR) 
-- Found the following ICU libraries:
--   i18n (optional): /usr/lib/x86_64-linux-gnu/libicui18n.so
--   uc (optional): /usr/lib/x86_64-linux-gnu/libicuuc.so
-- Option Package Dependencies - OFF
-- Option Dedicated - OFF
-- Option Install FHS - ON
-- Option Use assert - ON
-- Option Use NSIS - OFF
-- Option Survey Key - NOT USED
-- PNG found -- -DWITH_PNG -- PNG::PNG
-- ZLIB found -- -DWITH_ZLIB -- ZLIB::ZLIB
-- LIBLZMA found -- -DWITH_LIBLZMA -- LibLZMA::LibLZMA
-- LZO found -- -DWITH_LZO -- /usr/include /usr/include -- /usr/lib/x86_64-linux-gnu/liblzo2.so /usr/lib/x86_64-linux-gnu/liblzo2.so
-- CURL found -- -DWITH_CURL -- /usr/include/x86_64-linux-gnu /usr/include/x86_64-linux-gnu -- /usr/lib/x86_64-linux-gnu/libcurl.so /usr/lib/x86_64-linux-gnu/libcurl.so
-- Fluidsynth found -- -DWITH_FLUIDSYNTH -- /usr/include /usr/include -- /usr/lib/x86_64-linux-gnu/libfluidsynth.so /usr/lib/x86_64-linux-gnu/libfluidsynth.so
-- SDL2 found -- -DWITH_SDL2 -- SDL2::SDL2
-- FREETYPE found -- -DWITH_FREETYPE -- Freetype::Freetype
-- Fontconfig found -- -DWITH_FONTCONFIG -- Fontconfig::Fontconfig
-- Harfbuzz found -- -DWITH_HARFBUZZ -- /usr/include/harfbuzz /usr/include/harfbuzz -- /usr/lib/x86_64-linux-gnu/libharfbuzz.so /usr/lib/x86_64-linux-gnu/libharfbuzz.so
-- ICU_I18N found -- -DWITH_ICU_I18N -- ICU::i18n
-- ICU_UC found -- -DWITH_ICU_UC -- ICU::uc
-- OpusFile found -- -DWITH_OPUSFILE -- OpusFile::opusfile
-- Soxr found -- -DWITH_SOXR -- Soxr::soxr
-- OpenGL found -- -DWITH_OPENGL -- (via SDL2)
-- SSE found -- -DWITH_SSE --   --  
-- Configuring done (0.9s)
-- Generating done (0.1s)
-- Build files have been written to: /home/flax/games/openspacettd/build
[1/481] cd /home/flax/games/openspacettd && /usr/bin/cmake -DFIND_VERSION_BINARY_DIR=/home/flax/games/openspacettd/build/generated -DCPACK_BINARY_DIR=/home/flax/games/openspacettd/build -DREV_MAJOR=16 -DREV_MINOR=0 -DWINDOWS= -DDOXYGEN_WARN_FORMAT_LINE=line -DDOXYGEN_WARN_FILE= -DDOXYGEN_GS_WARN_FILE= -DDOXYGEN_AI_WARN_FILE= -P /home/flax/games/openspacettd/cmake/scripts/FindVersion.cmake
-- Version string: 20260915-portal-gate-lifecycle-crashes-mabbcd7e077
-- Generating rev.cpp
-- Generating CPackProperties.cmake
-- Generating Doxyfile
-- Generating Doxyfile_AI
-- Generating Doxyfile_GS
[2/480] Building CXX object CMakeFiles/openttd_lib.dir/src/script/api/script_accounting.cpp.o
[3/480] Building CXX object CMakeFiles/openttd_lib.dir/src/script/api/script_airport.cpp.o
[4/480] Building CXX object CMakeFiles/openttd_lib.dir/src/script/api/script_admin.cpp.o
[5/480] Building CXX object CMakeFiles/openttd_lib.dir/src/script/api/script_asyncmode.cpp.o
[6/480] Building CXX object CMakeFiles/openttd_lib.dir/src/script/api/script_base.cpp.o
[7/480] Building CXX object CMakeFiles/openttd_lib.dir/src/script/api/script_basestation.cpp.o
[8/480] Building CXX object CMakeFiles/openttd_lib.dir/src/script/api/script_bridge.cpp.o
[9/480] Building CXX object CMakeFiles/openttd_lib.dir/src/script/api/script_bridgelist.cpp.o
[10/480] Building CXX object CMakeFiles/openttd_lib.dir/src/script/api/script_cargo.cpp.o
[11/480] Building CXX object CMakeFiles/openttd_lib.dir/src/script/api/script_cargolist.cpp.o
[12/480] Building CXX object CMakeFiles/openttd_lib.dir/src/script/api/script_cargomonitor.cpp.o
[13/480] Building CXX object CMakeFiles/openttd_lib.dir/src/script/api/script_client.cpp.o
[14/480] Building CXX object CMakeFiles/openttd_lib.dir/src/script/api/script_clientlist.cpp.o
[15/480] Building CXX object CMakeFiles/openttd_lib.dir/src/script/api/script_companymode.cpp.o
[16/480] Building CXX object CMakeFiles/openttd_lib.dir/src/script/api/script_company.cpp.o
[17/480] Building CXX object CMakeFiles/openttd_lib.dir/src/script/api/script_controller.cpp.o
[18/480] Building CXX object CMakeFiles/openttd_lib.dir/src/script/api/script_date.cpp.o
[19/480] Building CXX object CMakeFiles/openttd_lib.dir/src/script/api/script_depotlist.cpp.o
[20/480] Building CXX object CMakeFiles/openttd_lib.dir/src/script/api/script_engine.cpp.o
[21/480] Building CXX object CMakeFiles/openttd_lib.dir/src/script/api/script_enginelist.cpp.o
[22/480] Building CXX object CMakeFiles/openttd_lib.dir/src/script/api/script_event.cpp.o
[23/480] Building CXX object CMakeFiles/openttd_lib.dir/src/script/api/script_error.cpp.o
[24/480] Building CXX object CMakeFiles/openttd_lib.dir/src/script/api/script_execmode.cpp.o
[25/480] Building CXX object CMakeFiles/openttd_lib.dir/src/script/api/script_game.cpp.o
[26/480] Building CXX object CMakeFiles/openttd_lib.dir/src/script/api/script_gamesettings.cpp.o
[27/480] Building CXX object CMakeFiles/openttd_lib.dir/src/script/api/script_event_types.cpp.o
[28/480] Building CXX object CMakeFiles/openttd_lib.dir/src/script/api/script_goal.cpp.o
[29/480] Building CXX object CMakeFiles/openttd_lib.dir/src/script/api/script_group.cpp.o
[30/480] Building CXX object CMakeFiles/openttd_lib.dir/src/script/api/script_grouplist.cpp.o
[31/480] Building CXX object CMakeFiles/openttd_lib.dir/src/script/api/script_industrylist.cpp.o
[32/480] Building CXX object CMakeFiles/openttd_lib.dir/src/script/api/script_industry.cpp.o
[33/480] Building CXX object CMakeFiles/openttd_lib.dir/src/script/api/script_industrytypelist.cpp.o
[34/480] Building CXX object CMakeFiles/openttd_lib.dir/src/script/api/script_industrytype.cpp.o
[35/480] Building CXX object CMakeFiles/openttd_lib.dir/src/script/api/script_infrastructure.cpp.o
[36/480] Building CXX object CMakeFiles/openttd_lib.dir/src/script/api/script_league.cpp.o
[37/480] Building CXX object CMakeFiles/openttd_lib.dir/src/script/api/script_list.cpp.o
[38/480] Building CXX object CMakeFiles/openttd_lib.dir/src/script/api/script_log.cpp.o
[39/480] Building CXX object CMakeFiles/openttd_lib.dir/src/script/api/script_map.cpp.o
[40/480] Building CXX object CMakeFiles/openttd_lib.dir/src/script/api/script_newgrf.cpp.o
[41/480] Building CXX object CMakeFiles/openttd_lib.dir/src/script/api/script_marine.cpp.o
[42/480] Building CXX object CMakeFiles/openttd_lib.dir/src/script/api/script_news.cpp.o
[43/480] Building CXX object CMakeFiles/openttd_lib.dir/src/script/api/script_object.cpp.o
[44/480] Building CXX object CMakeFiles/openttd_lib.dir/src/script/api/script_objecttype.cpp.o
[45/480] Building CXX object CMakeFiles/openttd_lib.dir/src/script/api/script_objecttypelist.cpp.o
[46/480] Building CXX object CMakeFiles/openttd_lib.dir/src/script/api/script_priorityqueue.cpp.o
[47/480] Building CXX object CMakeFiles/openttd_lib.dir/src/script/api/script_order.cpp.o
[48/480] Building CXX object CMakeFiles/openttd_lib.dir/src/script/api/script_railtypelist.cpp.o
[49/480] Building CXX object CMakeFiles/openttd_lib.dir/src/script/api/script_rail.cpp.o
[50/480] Building CXX object CMakeFiles/openttd_lib.dir/src/script/api/script_roadtypelist.cpp.o
[51/480] Building CXX object CMakeFiles/openttd_lib.dir/src/script/api/script_sign.cpp.o
[52/480] Building CXX object CMakeFiles/openttd_lib.dir/src/script/api/script_road.cpp.o
[53/480] Building CXX object CMakeFiles/openttd_lib.dir/src/script/api/script_signlist.cpp.o
[54/480] Building CXX object CMakeFiles/openttd_lib.dir/src/script/api/script_station.cpp.o
[55/480] Building CXX object CMakeFiles/openttd_lib.dir/src/script/api/script_stationlist.cpp.o
[56/480] Building CXX object CMakeFiles/openttd_lib.dir/src/script/api/script_storypagelist.cpp.o
[57/480] Building CXX object CMakeFiles/openttd_lib.dir/src/script/api/script_storypageelementlist.cpp.o
[58/480] Building CXX object CMakeFiles/openttd_lib.dir/src/script/api/script_story_page.cpp.o
[59/480] Building CXX object CMakeFiles/openttd_lib.dir/src/script/api/script_subsidylist.cpp.o
[60/480] Building CXX object CMakeFiles/openttd_lib.dir/src/script/api/script_subsidy.cpp.o
[61/480] Building CXX object CMakeFiles/openttd_lib.dir/src/script/api/script_testmode.cpp.o
[62/480] Building CXX object CMakeFiles/openttd_lib.dir/src/script/api/script_text.cpp.o
[63/480] Building CXX object CMakeFiles/openttd_lib.dir/src/script/api/script_tile.cpp.o
[64/480] Building CXX object CMakeFiles/openttd_lib.dir/src/script/api/script_tilelist.cpp.o
[65/480] Building CXX object CMakeFiles/openttd_lib.dir/src/script/api/script_townlist.cpp.o
[66/480] Building CXX object CMakeFiles/openttd_lib.dir/src/script/api/script_town.cpp.o
[67/480] Building CXX object CMakeFiles/openttd_lib.dir/src/script/api/script_tunnel.cpp.o
[68/480] Building CXX object CMakeFiles/openttd_lib.dir/src/script/api/script_vehiclelist.cpp.o
[69/480] Building CXX object CMakeFiles/openttd_lib.dir/src/script/api/script_vehicle.cpp.o
[70/480] Building CXX object CMakeFiles/openttd_lib.dir/src/script/api/script_viewport.cpp.o
[71/480] Building CXX object CMakeFiles/openttd_lib.dir/src/script/api/script_waypoint.cpp.o
[72/480] Building CXX object CMakeFiles/openttd_lib.dir/src/script/api/script_window.cpp.o
[73/480] Building CXX object CMakeFiles/openttd_lib.dir/src/script/api/script_waypointlist.cpp.o
[74/480] Building CXX object CMakeFiles/openttd_lib.dir/src/script/script_config.cpp.o
[75/480] Building CXX object CMakeFiles/openttd_lib.dir/src/script/script_gui.cpp.o
[76/480] Building CXX object CMakeFiles/openttd_lib.dir/src/script/script_info.cpp.o
[77/480] Building CXX object CMakeFiles/openttd_lib.dir/src/script/script_scanner.cpp.o
[78/480] Building CXX object CMakeFiles/openttd_lib.dir/src/script/script_instance.cpp.o
[79/480] Building CXX object CMakeFiles/openttd_lib.dir/src/script/squirrel.cpp.o
[80/480] Building CXX object CMakeFiles/openttd_lib.dir/src/ai/ai_config.cpp.o
[81/480] Building CXX object CMakeFiles/openttd_lib.dir/src/ai/ai_core.cpp.o
[82/480] Building CXX object CMakeFiles/openttd_lib.dir/src/ai/ai_gui.cpp.o
[83/480] Building CXX object CMakeFiles/openttd_lib.dir/src/ai/ai_info.cpp.o
[84/480] Building CXX object CMakeFiles/openttd_lib.dir/src/ai/ai_scanner.cpp.o
[85/480] Building CXX object CMakeFiles/openttd_lib.dir/src/blitter/32bpp_anim.cpp.o
[86/480] Building CXX object CMakeFiles/openttd_lib.dir/src/blitter/32bpp_optimized.cpp.o
[87/480] Building CXX object CMakeFiles/openttd_lib.dir/src/blitter/8bpp_optimized.cpp.o
[88/480] Building CXX object CMakeFiles/openttd_lib.dir/src/ai/ai_instance.cpp.o
[89/480] Building CXX object CMakeFiles/openttd_lib.dir/src/blitter/32bpp_anim_sse2.cpp.o
[90/480] Building CXX object CMakeFiles/openttd_lib.dir/src/blitter/32bpp_anim_sse4.cpp.o
[91/480] Building CXX object CMakeFiles/openttd_lib.dir/src/blitter/32bpp_sse2.cpp.o
[92/480] Building CXX object CMakeFiles/openttd_lib.dir/src/blitter/32bpp_sse4.cpp.o
[93/480] Building CXX object CMakeFiles/openttd_lib.dir/src/blitter/32bpp_ssse3.cpp.o
[94/480] Building CXX object CMakeFiles/openttd_lib.dir/src/blitter/40bpp_anim.cpp.o
[95/480] Building CXX object CMakeFiles/openttd_lib.dir/src/game/game_config.cpp.o
[96/480] Building CXX object CMakeFiles/openttd_lib.dir/src/game/game_core.cpp.o
[97/480] Building CXX object CMakeFiles/openttd_lib.dir/src/game/game_gui.cpp.o
[98/480] Building CXX object CMakeFiles/openttd_lib.dir/src/game/game_info.cpp.o
[99/480] Building CXX object CMakeFiles/openttd_lib.dir/src/game/game_scanner.cpp.o
[100/480] Building CXX object CMakeFiles/openttd_lib.dir/src/game/game_text.cpp.o
[101/480] Building CXX object CMakeFiles/openttd_lib.dir/src/linkgraph/demands.cpp.o
[102/480] Building CXX object CMakeFiles/openttd_lib.dir/src/linkgraph/flowmapper.cpp.o
[103/480] Building CXX object CMakeFiles/openttd_lib.dir/src/game/game_instance.cpp.o
[104/480] Building CXX object CMakeFiles/openttd_lib.dir/src/linkgraph/linkgraph.cpp.o
[105/480] Building CXX object CMakeFiles/openttd_lib.dir/src/linkgraph/linkgraph_gui.cpp.o
[106/480] Building CXX object CMakeFiles/openttd_lib.dir/src/linkgraph/linkgraphjob.cpp.o
[107/480] Building CXX object CMakeFiles/openttd_lib.dir/src/linkgraph/linkgraphschedule.cpp.o
[108/480] Building CXX object CMakeFiles/openttd_lib.dir/src/linkgraph/mcf.cpp.o
[109/480] Building CXX object CMakeFiles/openttd_lib.dir/src/linkgraph/refresh.cpp.o
[110/480] Building CXX object CMakeFiles/openttd_lib.dir/src/misc/dbg_helpers.cpp.o
[111/480] Building CXX object CMakeFiles/openttd_lib.dir/src/music/extmidi.cpp.o
[112/480] Building CXX object CMakeFiles/openttd_lib.dir/src/network/core/address.cpp.o
[113/480] Building CXX object CMakeFiles/openttd_lib.dir/src/network/core/network_game_info.cpp.o
[114/480] Building CXX object CMakeFiles/openttd_lib.dir/src/network/core/tcp_admin.cpp.o
[115/480] Building CXX object CMakeFiles/openttd_lib.dir/src/network/core/tcp_content.cpp.o
[116/480] Building CXX object CMakeFiles/openttd_lib.dir/src/network/core/tcp_connect.cpp.o
[117/480] Building CXX object CMakeFiles/openttd_lib.dir/src/network/core/tcp_game.cpp.o
[118/480] Building CXX object CMakeFiles/openttd_lib.dir/src/network/core/http_curl.cpp.o
[119/480] Building CXX object CMakeFiles/openttd_lib.dir/src/network/network.cpp.o
[120/480] Building CXX object CMakeFiles/openttd_lib.dir/src/network/network_admin.cpp.o
[121/480] Building CXX object CMakeFiles/openttd_lib.dir/src/network/network_chat_gui.cpp.o
[122/480] Building CXX object CMakeFiles/openttd_lib.dir/src/network/network_client.cpp.o
[123/480] Building CXX object CMakeFiles/openttd_lib.dir/src/network/network_content.cpp.o
[124/480] Building CXX object CMakeFiles/openttd_lib.dir/src/network/network_content_gui.cpp.o
[125/480] Building CXX object CMakeFiles/openttd_lib.dir/src/network/network_coordinator.cpp.o
[126/480] Building CXX object CMakeFiles/openttd_lib.dir/src/network/network_gamelist.cpp.o
[127/480] Building CXX object CMakeFiles/openttd_lib.dir/src/network/network_gui.cpp.o
[128/480] Building CXX object CMakeFiles/openttd_lib.dir/src/network/network_query.cpp.o
[129/480] Building CXX object CMakeFiles/openttd_lib.dir/src/network/network_server.cpp.o
[130/480] Building CXX object CMakeFiles/openttd_lib.dir/src/network/network_survey.cpp.o
[131/480] Building CXX object CMakeFiles/openttd_lib.dir/src/network/network_udp.cpp.o
[132/480] Building CXX object CMakeFiles/openttd_lib.dir/src/newgrf/newgrf_act0_aircraft.cpp.o
[133/480] Building CXX object CMakeFiles/openttd_lib.dir/src/network/network_command.cpp.o
[134/480] Building CXX object CMakeFiles/openttd_lib.dir/src/newgrf/newgrf_act0_airports.cpp.o
[135/480] Building CXX object CMakeFiles/openttd_lib.dir/src/newgrf/newgrf_act0_badges.cpp.o
[136/480] Building CXX object CMakeFiles/openttd_lib.dir/src/newgrf/newgrf_act0_bridges.cpp.o
[137/480] Building CXX object CMakeFiles/openttd_lib.dir/src/newgrf/newgrf_act0_canals.cpp.o
[138/480] Building CXX object CMakeFiles/openttd_lib.dir/src/newgrf/newgrf_act0_cargo.cpp.o
In file included from /usr/include/c++/13/bits/ranges_algo.h:38,
                 from /usr/include/c++/13/algorithm:63,
                 from /home/flax/games/openspacettd/src/stdafx.h:43,
                 from /home/flax/games/openspacettd/build/CMakeFiles/openttd_lib.dir/cmake_pch.hxx:5,
                 from <command-line>:
In function ‘constexpr std::__conditional_t<_IsMove, std::ranges::in_out_result<_Iter, _Out>, std::ranges::in_out_result<_Iter, _Out> > std::ranges::__copy_or_move(_Iter, _Sent, _Out) [with bool _IsMove = false; _Iter = const char*; _Sent = const char*; _Out = unsigned char*]’,
    inlined from ‘constexpr std::ranges::copy_result<_Iter, _Out> std::ranges::__copy_fn::operator()(_Iter, _Sent, _Out) const [with _Iter = const char*; _Sent = const char*; _Out = unsigned char*]’ at /usr/include/c++/13/bits/ranges_algobase.h:303:38,
    inlined from ‘constexpr std::ranges::copy_result<std::ranges::borrowed_iterator_t<_Range>, _Out> std::ranges::__copy_fn::operator()(_Range&&, _Out) const [with _Range = std::basic_string_view<char>; _Out = unsigned char*]’ at /usr/include/c++/13/bits/ranges_algobase.h:313:16,
    inlined from ‘T ByteReader::ReadLabel() [with T = Label<CargoLabelTag>]’ at /home/flax/games/openspacettd/src/newgrf/newgrf_bytereader.h:106:20,
    inlined from ‘ChangeInfoResult CargoReserveInfo(uint, uint, int, ByteReader&)’ at /home/flax/games/openspacettd/src/newgrf/newgrf_act0_cargo.cpp:139:42,
    inlined from ‘static ChangeInfoResult GrfChangeInfoHandler<TFeature>::Reserve(uint, uint, int, ByteReader&) [with GrfSpecFeature TFeature = GrfSpecFeature::Cargoes]’ at /home/flax/games/openspacettd/src/newgrf/newgrf_act0_cargo.cpp:201:160:
/usr/include/c++/13/bits/ranges_algobase.h:274:27: warning: writing 1 byte into a region of size 0 [-Wstringop-overflow=]
  274 |                 *__result = *__first;
      |                 ~~~~~~~~~~^~~~~~~~~~
In file included from /home/flax/games/openspacettd/src/stdafx.h:44:
/usr/include/c++/13/array: In static member function ‘static ChangeInfoResult GrfChangeInfoHandler<TFeature>::Reserve(uint, uint, int, ByteReader&) [with GrfSpecFeature TFeature = GrfSpecFeature::Cargoes]’:
/usr/include/c++/13/array:109:55: note: at offset [20, 9223372036854775796] into destination object ‘std::array<unsigned char, 4>::_M_elems’ of size 4
  109 |       typename __array_traits<_Tp, _Nm>::_Type        _M_elems;
      |                                                       ^~~~~~~~
/usr/include/c++/13/array:109:55: note: at offset 4 into destination object ‘std::array<unsigned char, 4>::_M_elems’ of size 4
/usr/include/c++/13/array:109:55: note: at offset 4 into destination object ‘std::array<unsigned char, 4>::_M_elems’ of size 4
/usr/include/c++/13/array:109:55: note: at offset [20, 9223372036854775796] into destination object ‘std::array<unsigned char, 4>::_M_elems’ of size 4
/usr/include/c++/13/array:109:55: note: at offset 4 into destination object ‘std::array<unsigned char, 4>::_M_elems’ of size 4
/usr/include/c++/13/array:109:55: note: at offset 4 into destination object ‘std::array<unsigned char, 4>::_M_elems’ of size 4
In function ‘constexpr std::__conditional_t<_IsMove, std::ranges::in_out_result<_Iter, _Out>, std::ranges::in_out_result<_Iter, _Out> > std::ranges::__copy_or_move(_Iter, _Sent, _Out) [with bool _IsMove = false; _Iter = const char*; _Sent = const char*; _Out = unsigned char*]’,
    inlined from ‘constexpr std::ranges::copy_result<_Iter, _Out> std::ranges::__copy_fn::operator()(_Iter, _Sent, _Out) const [with _Iter = const char*; _Sent = const char*; _Out = unsigned char*]’ at /usr/include/c++/13/bits/ranges_algobase.h:303:38,
    inlined from ‘constexpr std::ranges::copy_result<std::ranges::borrowed_iterator_t<_Range>, _Out> std::ranges::__copy_fn::operator()(_Range&&, _Out) const [with _Range = std::basic_string_view<char>; _Out = unsigned char*]’ at /usr/include/c++/13/bits/ranges_algobase.h:313:16,
    inlined from ‘T ByteReader::ReadLabel() [with T = Label<CargoLabelTag>]’ at /home/flax/games/openspacettd/src/newgrf/newgrf_bytereader.h:106:20,
    inlined from ‘ChangeInfoResult CargoReserveInfo(uint, uint, int, ByteReader&)’ at /home/flax/games/openspacettd/src/newgrf/newgrf_act0_cargo.cpp:139:42,
    inlined from ‘static ChangeInfoResult GrfChangeInfoHandler<TFeature>::Reserve(uint, uint, int, ByteReader&) [with GrfSpecFeature TFeature = GrfSpecFeature::Cargoes]’ at /home/flax/games/openspacettd/src/newgrf/newgrf_act0_cargo.cpp:201:160:
/usr/include/c++/13/bits/ranges_algobase.h:274:27: warning: writing 1 byte into a region of size 0 [-Wstringop-overflow=]
  274 |                 *__result = *__first;
      |                 ~~~~~~~~~~^~~~~~~~~~
/usr/include/c++/13/array: In static member function ‘static ChangeInfoResult GrfChangeInfoHandler<TFeature>::Reserve(uint, uint, int, ByteReader&) [with GrfSpecFeature TFeature = GrfSpecFeature::Cargoes]’:
/usr/include/c++/13/array:109:55: note: at offset [21, 9223372036854775797] into destination object ‘std::array<unsigned char, 4>::_M_elems’ of size 4
  109 |       typename __array_traits<_Tp, _Nm>::_Type        _M_elems;
      |                                                       ^~~~~~~~
/usr/include/c++/13/array:109:55: note: at offset 5 into destination object ‘std::array<unsigned char, 4>::_M_elems’ of size 4
/usr/include/c++/13/array:109:55: note: at offset 5 into destination object ‘std::array<unsigned char, 4>::_M_elems’ of size 4
/usr/include/c++/13/array:109:55: note: at offset [21, 9223372036854775797] into destination object ‘std::array<unsigned char, 4>::_M_elems’ of size 4
/usr/include/c++/13/array:109:55: note: at offset 5 into destination object ‘std::array<unsigned char, 4>::_M_elems’ of size 4
/usr/include/c++/13/array:109:55: note: at offset 5 into destination object ‘std::array<unsigned char, 4>::_M_elems’ of size 4
In function ‘constexpr std::__conditional_t<_IsMove, std::ranges::in_out_result<_Iter, _Out>, std::ranges::in_out_result<_Iter, _Out> > std::ranges::__copy_or_move(_Iter, _Sent, _Out) [with bool _IsMove = false; _Iter = const char*; _Sent = const char*; _Out = unsigned char*]’,
    inlined from ‘constexpr std::ranges::copy_result<_Iter, _Out> std::ranges::__copy_fn::operator()(_Iter, _Sent, _Out) const [with _Iter = const char*; _Sent = const char*; _Out = unsigned char*]’ at /usr/include/c++/13/bits/ranges_algobase.h:303:38,
    inlined from ‘constexpr std::ranges::copy_result<std::ranges::borrowed_iterator_t<_Range>, _Out> std::ranges::__copy_fn::operator()(_Range&&, _Out) const [with _Range = std::basic_string_view<char>; _Out = unsigned char*]’ at /usr/include/c++/13/bits/ranges_algobase.h:313:16,
    inlined from ‘T ByteReader::ReadLabel() [with T = Label<CargoLabelTag>]’ at /home/flax/games/openspacettd/src/newgrf/newgrf_bytereader.h:106:20,
    inlined from ‘ChangeInfoResult CargoReserveInfo(uint, uint, int, ByteReader&)’ at /home/flax/games/openspacettd/src/newgrf/newgrf_act0_cargo.cpp:139:42,
    inlined from ‘static ChangeInfoResult GrfChangeInfoHandler<TFeature>::Reserve(uint, uint, int, ByteReader&) [with GrfSpecFeature TFeature = GrfSpecFeature::Cargoes]’ at /home/flax/games/openspacettd/src/newgrf/newgrf_act0_cargo.cpp:201:160:
/usr/include/c++/13/bits/ranges_algobase.h:274:27: warning: writing 1 byte into a region of size 0 [-Wstringop-overflow=]
  274 |                 *__result = *__first;
      |                 ~~~~~~~~~~^~~~~~~~~~
/usr/include/c++/13/array: In static member function ‘static ChangeInfoResult GrfChangeInfoHandler<TFeature>::Reserve(uint, uint, int, ByteReader&) [with GrfSpecFeature TFeature = GrfSpecFeature::Cargoes]’:
/usr/include/c++/13/array:109:55: note: at offset [22, 9223372036854775798] into destination object ‘std::array<unsigned char, 4>::_M_elems’ of size 4
  109 |       typename __array_traits<_Tp, _Nm>::_Type        _M_elems;
      |                                                       ^~~~~~~~
/usr/include/c++/13/array:109:55: note: at offset 6 into destination object ‘std::array<unsigned char, 4>::_M_elems’ of size 4
/usr/include/c++/13/array:109:55: note: at offset 6 into destination object ‘std::array<unsigned char, 4>::_M_elems’ of size 4
/usr/include/c++/13/array:109:55: note: at offset [22, 9223372036854775798] into destination object ‘std::array<unsigned char, 4>::_M_elems’ of size 4
/usr/include/c++/13/array:109:55: note: at offset 6 into destination object ‘std::array<unsigned char, 4>::_M_elems’ of size 4
/usr/include/c++/13/array:109:55: note: at offset 6 into destination object ‘std::array<unsigned char, 4>::_M_elems’ of size 4
[139/480] Building CXX object CMakeFiles/openttd_lib.dir/src/newgrf/newgrf_act0_houses.cpp.o
[140/480] Building CXX object CMakeFiles/openttd_lib.dir/src/newgrf/newgrf_act0_globalvar.cpp.o
In file included from /usr/include/c++/13/bits/ranges_algo.h:38,
                 from /usr/include/c++/13/algorithm:63,
                 from /home/flax/games/openspacettd/src/stdafx.h:43,
                 from /home/flax/games/openspacettd/build/CMakeFiles/openttd_lib.dir/cmake_pch.hxx:5,
                 from <command-line>:
In function ‘constexpr std::__conditional_t<_IsMove, std::ranges::in_out_result<_Iter, _Out>, std::ranges::in_out_result<_Iter, _Out> > std::ranges::__copy_or_move(_Iter, _Sent, _Out) [with bool _IsMove = false; _Iter = const char*; _Sent = const char*; _Out = unsigned char*]’,
    inlined from ‘constexpr std::ranges::copy_result<_Iter, _Out> std::ranges::__copy_fn::operator()(_Iter, _Sent, _Out) const [with _Iter = const char*; _Sent = const char*; _Out = unsigned char*]’ at /usr/include/c++/13/bits/ranges_algobase.h:303:38,
    inlined from ‘constexpr std::ranges::copy_result<std::ranges::borrowed_iterator_t<_Range>, _Out> std::ranges::__copy_fn::operator()(_Range&&, _Out) const [with _Range = std::basic_string_view<char>; _Out = unsigned char*]’ at /usr/include/c++/13/bits/ranges_algobase.h:313:16,
    inlined from ‘T ByteReader::ReadLabel() [with T = Label<RoadTypeLabelTag>]’ at /home/flax/games/openspacettd/src/newgrf/newgrf_bytereader.h:106:20,
    inlined from ‘ChangeInfoResult LoadTranslationTable(uint, uint, ByteReader&, TGetTableFunc, std::string_view) [with T = Label<RoadTypeLabelTag>; TGetTableFunc = GlobalVarReserveInfo(uint, uint, int, ByteReader&)::<lambda(GRFFile&)>]’ at /home/flax/games/openspacettd/src/newgrf/newgrf_act0_globalvar.cpp:56:47,
    inlined from ‘ChangeInfoResult GlobalVarReserveInfo(uint, uint, int, ByteReader&)’ at /home/flax/games/openspacettd/src/newgrf/newgrf_act0_globalvar.cpp:352:46,
    inlined from ‘static ChangeInfoResult GrfChangeInfoHandler<TFeature>::Reserve(uint, uint, int, ByteReader&) [with GrfSpecFeature TFeature = GrfSpecFeature::GlobalVar]’ at /home/flax/games/openspacettd/src/newgrf/newgrf_act0_globalvar.cpp:557:166:
/usr/include/c++/13/bits/ranges_algobase.h:274:27: warning: writing 1 byte into a region of size 0 [-Wstringop-overflow=]
  274 |                 *__result = *__first;
      |                 ~~~~~~~~~~^~~~~~~~~~
In file included from /home/flax/games/openspacettd/src/stdafx.h:44:
/usr/include/c++/13/array: In static member function ‘static ChangeInfoResult GrfChangeInfoHandler<TFeature>::Reserve(uint, uint, int, ByteReader&) [with GrfSpecFeature TFeature = GrfSpecFeature::GlobalVar]’:
/usr/include/c++/13/array:109:55: note: at offset [20, 9223372036854775796] into destination object ‘std::array<unsigned char, 4>::_M_elems’ of size 4
  109 |       typename __array_traits<_Tp, _Nm>::_Type        _M_elems;
      |                                                       ^~~~~~~~
/usr/include/c++/13/array:109:55: note: at offset 4 into destination object ‘std::array<unsigned char, 4>::_M_elems’ of size 4
/usr/include/c++/13/array:109:55: note: at offset 4 into destination object ‘std::array<unsigned char, 4>::_M_elems’ of size 4
/usr/include/c++/13/array:109:55: note: at offset [20, 9223372036854775796] into destination object ‘std::array<unsigned char, 4>::_M_elems’ of size 4
/usr/include/c++/13/array:109:55: note: at offset 4 into destination object ‘std::array<unsigned char, 4>::_M_elems’ of size 4
/usr/include/c++/13/array:109:55: note: at offset 4 into destination object ‘std::array<unsigned char, 4>::_M_elems’ of size 4
In function ‘constexpr std::__conditional_t<_IsMove, std::ranges::in_out_result<_Iter, _Out>, std::ranges::in_out_result<_Iter, _Out> > std::ranges::__copy_or_move(_Iter, _Sent, _Out) [with bool _IsMove = false; _Iter = const char*; _Sent = const char*; _Out = unsigned char*]’,
    inlined from ‘constexpr std::ranges::copy_result<_Iter, _Out> std::ranges::__copy_fn::operator()(_Iter, _Sent, _Out) const [with _Iter = const char*; _Sent = const char*; _Out = unsigned char*]’ at /usr/include/c++/13/bits/ranges_algobase.h:303:38,
    inlined from ‘constexpr std::ranges::copy_result<std::ranges::borrowed_iterator_t<_Range>, _Out> std::ranges::__copy_fn::operator()(_Range&&, _Out) const [with _Range = std::basic_string_view<char>; _Out = unsigned char*]’ at /usr/include/c++/13/bits/ranges_algobase.h:313:16,
    inlined from ‘T ByteReader::ReadLabel() [with T = Label<RoadTypeLabelTag>]’ at /home/flax/games/openspacettd/src/newgrf/newgrf_bytereader.h:106:20,
    inlined from ‘ChangeInfoResult LoadTranslationTable(uint, uint, ByteReader&, TGetTableFunc, std::string_view) [with T = Label<RoadTypeLabelTag>; TGetTableFunc = GlobalVarReserveInfo(uint, uint, int, ByteReader&)::<lambda(GRFFile&)>]’ at /home/flax/games/openspacettd/src/newgrf/newgrf_act0_globalvar.cpp:56:47,
    inlined from ‘ChangeInfoResult GlobalVarReserveInfo(uint, uint, int, ByteReader&)’ at /home/flax/games/openspacettd/src/newgrf/newgrf_act0_globalvar.cpp:352:46,
    inlined from ‘static ChangeInfoResult GrfChangeInfoHandler<TFeature>::Reserve(uint, uint, int, ByteReader&) [with GrfSpecFeature TFeature = GrfSpecFeature::GlobalVar]’ at /home/flax/games/openspacettd/src/newgrf/newgrf_act0_globalvar.cpp:557:166:
/usr/include/c++/13/bits/ranges_algobase.h:274:27: warning: writing 1 byte into a region of size 0 [-Wstringop-overflow=]
  274 |                 *__result = *__first;
      |                 ~~~~~~~~~~^~~~~~~~~~
/usr/include/c++/13/array: In static member function ‘static ChangeInfoResult GrfChangeInfoHandler<TFeature>::Reserve(uint, uint, int, ByteReader&) [with GrfSpecFeature TFeature = GrfSpecFeature::GlobalVar]’:
/usr/include/c++/13/array:109:55: note: at offset [21, 9223372036854775797] into destination object ‘std::array<unsigned char, 4>::_M_elems’ of size 4
  109 |       typename __array_traits<_Tp, _Nm>::_Type        _M_elems;
      |                                                       ^~~~~~~~
/usr/include/c++/13/array:109:55: note: at offset 5 into destination object ‘std::array<unsigned char, 4>::_M_elems’ of size 4
/usr/include/c++/13/array:109:55: note: at offset 5 into destination object ‘std::array<unsigned char, 4>::_M_elems’ of size 4
/usr/include/c++/13/array:109:55: note: at offset [21, 9223372036854775797] into destination object ‘std::array<unsigned char, 4>::_M_elems’ of size 4
/usr/include/c++/13/array:109:55: note: at offset 5 into destination object ‘std::array<unsigned char, 4>::_M_elems’ of size 4
/usr/include/c++/13/array:109:55: note: at offset 5 into destination object ‘std::array<unsigned char, 4>::_M_elems’ of size 4
In function ‘constexpr std::__conditional_t<_IsMove, std::ranges::in_out_result<_Iter, _Out>, std::ranges::in_out_result<_Iter, _Out> > std::ranges::__copy_or_move(_Iter, _Sent, _Out) [with bool _IsMove = false; _Iter = const char*; _Sent = const char*; _Out = unsigned char*]’,
    inlined from ‘constexpr std::ranges::copy_result<_Iter, _Out> std::ranges::__copy_fn::operator()(_Iter, _Sent, _Out) const [with _Iter = const char*; _Sent = const char*; _Out = unsigned char*]’ at /usr/include/c++/13/bits/ranges_algobase.h:303:38,
    inlined from ‘constexpr std::ranges::copy_result<std::ranges::borrowed_iterator_t<_Range>, _Out> std::ranges::__copy_fn::operator()(_Range&&, _Out) const [with _Range = std::basic_string_view<char>; _Out = unsigned char*]’ at /usr/include/c++/13/bits/ranges_algobase.h:313:16,
    inlined from ‘T ByteReader::ReadLabel() [with T = Label<RoadTypeLabelTag>]’ at /home/flax/games/openspacettd/src/newgrf/newgrf_bytereader.h:106:20,
    inlined from ‘ChangeInfoResult LoadTranslationTable(uint, uint, ByteReader&, TGetTableFunc, std::string_view) [with T = Label<RoadTypeLabelTag>; TGetTableFunc = GlobalVarReserveInfo(uint, uint, int, ByteReader&)::<lambda(GRFFile&)>]’ at /home/flax/games/openspacettd/src/newgrf/newgrf_act0_globalvar.cpp:56:47,
    inlined from ‘ChangeInfoResult GlobalVarReserveInfo(uint, uint, int, ByteReader&)’ at /home/flax/games/openspacettd/src/newgrf/newgrf_act0_globalvar.cpp:352:46,
    inlined from ‘static ChangeInfoResult GrfChangeInfoHandler<TFeature>::Reserve(uint, uint, int, ByteReader&) [with GrfSpecFeature TFeature = GrfSpecFeature::GlobalVar]’ at /home/flax/games/openspacettd/src/newgrf/newgrf_act0_globalvar.cpp:557:166:
/usr/include/c++/13/bits/ranges_algobase.h:274:27: warning: writing 1 byte into a region of size 0 [-Wstringop-overflow=]
  274 |                 *__result = *__first;
      |                 ~~~~~~~~~~^~~~~~~~~~
/usr/include/c++/13/array: In static member function ‘static ChangeInfoResult GrfChangeInfoHandler<TFeature>::Reserve(uint, uint, int, ByteReader&) [with GrfSpecFeature TFeature = GrfSpecFeature::GlobalVar]’:
/usr/include/c++/13/array:109:55: note: at offset [22, 9223372036854775798] into destination object ‘std::array<unsigned char, 4>::_M_elems’ of size 4
  109 |       typename __array_traits<_Tp, _Nm>::_Type        _M_elems;
      |                                                       ^~~~~~~~
/usr/include/c++/13/array:109:55: note: at offset 6 into destination object ‘std::array<unsigned char, 4>::_M_elems’ of size 4
/usr/include/c++/13/array:109:55: note: at offset 6 into destination object ‘std::array<unsigned char, 4>::_M_elems’ of size 4
/usr/include/c++/13/array:109:55: note: at offset [22, 9223372036854775798] into destination object ‘std::array<unsigned char, 4>::_M_elems’ of size 4
/usr/include/c++/13/array:109:55: note: at offset 6 into destination object ‘std::array<unsigned char, 4>::_M_elems’ of size 4
/usr/include/c++/13/array:109:55: note: at offset 6 into destination object ‘std::array<unsigned char, 4>::_M_elems’ of size 4
In function ‘constexpr std::__conditional_t<_IsMove, std::ranges::in_out_result<_Iter, _Out>, std::ranges::in_out_result<_Iter, _Out> > std::ranges::__copy_or_move(_Iter, _Sent, _Out) [with bool _IsMove = false; _Iter = const char*; _Sent = const char*; _Out = unsigned char*]’,
    inlined from ‘constexpr std::ranges::copy_result<_Iter, _Out> std::ranges::__copy_fn::operator()(_Iter, _Sent, _Out) const [with _Iter = const char*; _Sent = const char*; _Out = unsigned char*]’ at /usr/include/c++/13/bits/ranges_algobase.h:303:38,
    inlined from ‘constexpr std::ranges::copy_result<std::ranges::borrowed_iterator_t<_Range>, _Out> std::ranges::__copy_fn::operator()(_Range&&, _Out) const [with _Range = std::basic_string_view<char>; _Out = unsigned char*]’ at /usr/include/c++/13/bits/ranges_algobase.h:313:16,
    inlined from ‘T ByteReader::ReadLabel() [with T = Label<RoadTypeLabelTag>]’ at /home/flax/games/openspacettd/src/newgrf/newgrf_bytereader.h:106:20,
    inlined from ‘ChangeInfoResult LoadTranslationTable(uint, uint, ByteReader&, TGetTableFunc, std::string_view) [with T = Label<RoadTypeLabelTag>; TGetTableFunc = GlobalVarReserveInfo(uint, uint, int, ByteReader&)::<lambda(GRFFile&)>]’ at /home/flax/games/openspacettd/src/newgrf/newgrf_act0_globalvar.cpp:56:47,
    inlined from ‘ChangeInfoResult GlobalVarReserveInfo(uint, uint, int, ByteReader&)’ at /home/flax/games/openspacettd/src/newgrf/newgrf_act0_globalvar.cpp:349:46,
    inlined from ‘static ChangeInfoResult GrfChangeInfoHandler<TFeature>::Reserve(uint, uint, int, ByteReader&) [with GrfSpecFeature TFeature = GrfSpecFeature::GlobalVar]’ at /home/flax/games/openspacettd/src/newgrf/newgrf_act0_globalvar.cpp:557:166:
/usr/include/c++/13/bits/ranges_algobase.h:274:27: warning: writing 1 byte into a region of size 0 [-Wstringop-overflow=]
  274 |                 *__result = *__first;
      |                 ~~~~~~~~~~^~~~~~~~~~
/usr/include/c++/13/array: In static member function ‘static ChangeInfoResult GrfChangeInfoHandler<TFeature>::Reserve(uint, uint, int, ByteReader&) [with GrfSpecFeature TFeature = GrfSpecFeature::GlobalVar]’:
/usr/include/c++/13/array:109:55: note: at offset [20, 9223372036854775796] into destination object ‘std::array<unsigned char, 4>::_M_elems’ of size 4
  109 |       typename __array_traits<_Tp, _Nm>::_Type        _M_elems;
      |                                                       ^~~~~~~~
/usr/include/c++/13/array:109:55: note: at offset 4 into destination object ‘std::array<unsigned char, 4>::_M_elems’ of size 4
/usr/include/c++/13/array:109:55: note: at offset 4 into destination object ‘std::array<unsigned char, 4>::_M_elems’ of size 4
/usr/include/c++/13/array:109:55: note: at offset [20, 9223372036854775796] into destination object ‘std::array<unsigned char, 4>::_M_elems’ of size 4
/usr/include/c++/13/array:109:55: note: at offset 4 into destination object ‘std::array<unsigned char, 4>::_M_elems’ of size 4
/usr/include/c++/13/array:109:55: note: at offset 4 into destination object ‘std::array<unsigned char, 4>::_M_elems’ of size 4
In function ‘constexpr std::__conditional_t<_IsMove, std::ranges::in_out_result<_Iter, _Out>, std::ranges::in_out_result<_Iter, _Out> > std::ranges::__copy_or_move(_Iter, _Sent, _Out) [with bool _IsMove = false; _Iter = const char*; _Sent = const char*; _Out = unsigned char*]’,
    inlined from ‘constexpr std::ranges::copy_result<_Iter, _Out> std::ranges::__copy_fn::operator()(_Iter, _Sent, _Out) const [with _Iter = const char*; _Sent = const char*; _Out = unsigned char*]’ at /usr/include/c++/13/bits/ranges_algobase.h:303:38,
    inlined from ‘constexpr std::ranges::copy_result<std::ranges::borrowed_iterator_t<_Range>, _Out> std::ranges::__copy_fn::operator()(_Range&&, _Out) const [with _Range = std::basic_string_view<char>; _Out = unsigned char*]’ at /usr/include/c++/13/bits/ranges_algobase.h:313:16,
    inlined from ‘T ByteReader::ReadLabel() [with T = Label<RoadTypeLabelTag>]’ at /home/flax/games/openspacettd/src/newgrf/newgrf_bytereader.h:106:20,
    inlined from ‘ChangeInfoResult LoadTranslationTable(uint, uint, ByteReader&, TGetTableFunc, std::string_view) [with T = Label<RoadTypeLabelTag>; TGetTableFunc = GlobalVarReserveInfo(uint, uint, int, ByteReader&)::<lambda(GRFFile&)>]’ at /home/flax/games/openspacettd/src/newgrf/newgrf_act0_globalvar.cpp:56:47,
    inlined from ‘ChangeInfoResult GlobalVarReserveInfo(uint, uint, int, ByteReader&)’ at /home/flax/games/openspacettd/src/newgrf/newgrf_act0_globalvar.cpp:349:46,
    inlined from ‘static ChangeInfoResult GrfChangeInfoHandler<TFeature>::Reserve(uint, uint, int, ByteReader&) [with GrfSpecFeature TFeature = GrfSpecFeature::GlobalVar]’ at /home/flax/games/openspacettd/src/newgrf/newgrf_act0_globalvar.cpp:557:166:
/usr/include/c++/13/bits/ranges_algobase.h:274:27: warning: writing 1 byte into a region of size 0 [-Wstringop-overflow=]
  274 |                 *__result = *__first;
      |                 ~~~~~~~~~~^~~~~~~~~~
/usr/include/c++/13/array: In static member function ‘static ChangeInfoResult GrfChangeInfoHandler<TFeature>::Reserve(uint, uint, int, ByteReader&) [with GrfSpecFeature TFeature = GrfSpecFeature::GlobalVar]’:
/usr/include/c++/13/array:109:55: note: at offset [21, 9223372036854775797] into destination object ‘std::array<unsigned char, 4>::_M_elems’ of size 4
  109 |       typename __array_traits<_Tp, _Nm>::_Type        _M_elems;
      |                                                       ^~~~~~~~
/usr/include/c++/13/array:109:55: note: at offset 5 into destination object ‘std::array<unsigned char, 4>::_M_elems’ of size 4
/usr/include/c++/13/array:109:55: note: at offset 5 into destination object ‘std::array<unsigned char, 4>::_M_elems’ of size 4
/usr/include/c++/13/array:109:55: note: at offset [21, 9223372036854775797] into destination object ‘std::array<unsigned char, 4>::_M_elems’ of size 4
/usr/include/c++/13/array:109:55: note: at offset 5 into destination object ‘std::array<unsigned char, 4>::_M_elems’ of size 4
/usr/include/c++/13/array:109:55: note: at offset 5 into destination object ‘std::array<unsigned char, 4>::_M_elems’ of size 4
In function ‘constexpr std::__conditional_t<_IsMove, std::ranges::in_out_result<_Iter, _Out>, std::ranges::in_out_result<_Iter, _Out> > std::ranges::__copy_or_move(_Iter, _Sent, _Out) [with bool _IsMove = false; _Iter = const char*; _Sent = const char*; _Out = unsigned char*]’,
    inlined from ‘constexpr std::ranges::copy_result<_Iter, _Out> std::ranges::__copy_fn::operator()(_Iter, _Sent, _Out) const [with _Iter = const char*; _Sent = const char*; _Out = unsigned char*]’ at /usr/include/c++/13/bits/ranges_algobase.h:303:38,
    inlined from ‘constexpr std::ranges::copy_result<std::ranges::borrowed_iterator_t<_Range>, _Out> std::ranges::__copy_fn::operator()(_Range&&, _Out) const [with _Range = std::basic_string_view<char>; _Out = unsigned char*]’ at /usr/include/c++/13/bits/ranges_algobase.h:313:16,
    inlined from ‘T ByteReader::ReadLabel() [with T = Label<RoadTypeLabelTag>]’ at /home/flax/games/openspacettd/src/newgrf/newgrf_bytereader.h:106:20,
    inlined from ‘ChangeInfoResult LoadTranslationTable(uint, uint, ByteReader&, TGetTableFunc, std::string_view) [with T = Label<RoadTypeLabelTag>; TGetTableFunc = GlobalVarReserveInfo(uint, uint, int, ByteReader&)::<lambda(GRFFile&)>]’ at /home/flax/games/openspacettd/src/newgrf/newgrf_act0_globalvar.cpp:56:47,
    inlined from ‘ChangeInfoResult GlobalVarReserveInfo(uint, uint, int, ByteReader&)’ at /home/flax/games/openspacettd/src/newgrf/newgrf_act0_globalvar.cpp:349:46,
    inlined from ‘static ChangeInfoResult GrfChangeInfoHandler<TFeature>::Reserve(uint, uint, int, ByteReader&) [with GrfSpecFeature TFeature = GrfSpecFeature::GlobalVar]’ at /home/flax/games/openspacettd/src/newgrf/newgrf_act0_globalvar.cpp:557:166:
/usr/include/c++/13/bits/ranges_algobase.h:274:27: warning: writing 1 byte into a region of size 0 [-Wstringop-overflow=]
  274 |                 *__result = *__first;
      |                 ~~~~~~~~~~^~~~~~~~~~
/usr/include/c++/13/array: In static member function ‘static ChangeInfoResult GrfChangeInfoHandler<TFeature>::Reserve(uint, uint, int, ByteReader&) [with GrfSpecFeature TFeature = GrfSpecFeature::GlobalVar]’:
/usr/include/c++/13/array:109:55: note: at offset [22, 9223372036854775798] into destination object ‘std::array<unsigned char, 4>::_M_elems’ of size 4
  109 |       typename __array_traits<_Tp, _Nm>::_Type        _M_elems;
      |                                                       ^~~~~~~~
/usr/include/c++/13/array:109:55: note: at offset 6 into destination object ‘std::array<unsigned char, 4>::_M_elems’ of size 4
/usr/include/c++/13/array:109:55: note: at offset 6 into destination object ‘std::array<unsigned char, 4>::_M_elems’ of size 4
/usr/include/c++/13/array:109:55: note: at offset [22, 9223372036854775798] into destination object ‘std::array<unsigned char, 4>::_M_elems’ of size 4
/usr/include/c++/13/array:109:55: note: at offset 6 into destination object ‘std::array<unsigned char, 4>::_M_elems’ of size 4
/usr/include/c++/13/array:109:55: note: at offset 6 into destination object ‘std::array<unsigned char, 4>::_M_elems’ of size 4
In function ‘constexpr std::__conditional_t<_IsMove, std::ranges::in_out_result<_Iter, _Out>, std::ranges::in_out_result<_Iter, _Out> > std::ranges::__copy_or_move(_Iter, _Sent, _Out) [with bool _IsMove = false; _Iter = const char*; _Sent = const char*; _Out = unsigned char*]’,
    inlined from ‘constexpr std::ranges::copy_result<_Iter, _Out> std::ranges::__copy_fn::operator()(_Iter, _Sent, _Out) const [with _Iter = const char*; _Sent = const char*; _Out = unsigned char*]’ at /usr/include/c++/13/bits/ranges_algobase.h:303:38,
    inlined from ‘constexpr std::ranges::copy_result<std::ranges::borrowed_iterator_t<_Range>, _Out> std::ranges::__copy_fn::operator()(_Range&&, _Out) const [with _Range = std::basic_string_view<char>; _Out = unsigned char*]’ at /usr/include/c++/13/bits/ranges_algobase.h:313:16,
    inlined from ‘T ByteReader::ReadLabel() [with T = Label<RailTypeLabelTag>]’ at /home/flax/games/openspacettd/src/newgrf/newgrf_bytereader.h:106:20,
    inlined from ‘ChangeInfoResult LoadTranslationTable(uint, uint, ByteReader&, TGetTableFunc, std::string_view) [with T = Label<RailTypeLabelTag>; TGetTableFunc = GlobalVarReserveInfo(uint, uint, int, ByteReader&)::<lambda(GRFFile&)>]’ at /home/flax/games/openspacettd/src/newgrf/newgrf_act0_globalvar.cpp:56:47,
    inlined from ‘ChangeInfoResult GlobalVarReserveInfo(uint, uint, int, ByteReader&)’ at /home/flax/games/openspacettd/src/newgrf/newgrf_act0_globalvar.cpp:346:46,
    inlined from ‘static ChangeInfoResult GrfChangeInfoHandler<TFeature>::Reserve(uint, uint, int, ByteReader&) [with GrfSpecFeature TFeature = GrfSpecFeature::GlobalVar]’ at /home/flax/games/openspacettd/src/newgrf/newgrf_act0_globalvar.cpp:557:166:
/usr/include/c++/13/bits/ranges_algobase.h:274:27: warning: writing 1 byte into a region of size 0 [-Wstringop-overflow=]
  274 |                 *__result = *__first;
      |                 ~~~~~~~~~~^~~~~~~~~~
/usr/include/c++/13/array: In static member function ‘static ChangeInfoResult GrfChangeInfoHandler<TFeature>::Reserve(uint, uint, int, ByteReader&) [with GrfSpecFeature TFeature = GrfSpecFeature::GlobalVar]’:
/usr/include/c++/13/array:109:55: note: at offset [20, 9223372036854775796] into destination object ‘std::array<unsigned char, 4>::_M_elems’ of size 4
  109 |       typename __array_traits<_Tp, _Nm>::_Type        _M_elems;
      |                                                       ^~~~~~~~
/usr/include/c++/13/array:109:55: note: at offset 4 into destination object ‘std::array<unsigned char, 4>::_M_elems’ of size 4
/usr/include/c++/13/array:109:55: note: at offset 4 into destination object ‘std::array<unsigned char, 4>::_M_elems’ of size 4
/usr/include/c++/13/array:109:55: note: at offset [20, 9223372036854775796] into destination object ‘std::array<unsigned char, 4>::_M_elems’ of size 4
/usr/include/c++/13/array:109:55: note: at offset 4 into destination object ‘std::array<unsigned char, 4>::_M_elems’ of size 4
/usr/include/c++/13/array:109:55: note: at offset 4 into destination object ‘std::array<unsigned char, 4>::_M_elems’ of size 4
In function ‘constexpr std::__conditional_t<_IsMove, std::ranges::in_out_result<_Iter, _Out>, std::ranges::in_out_result<_Iter, _Out> > std::ranges::__copy_or_move(_Iter, _Sent, _Out) [with bool _IsMove = false; _Iter = const char*; _Sent = const char*; _Out = unsigned char*]’,
    inlined from ‘constexpr std::ranges::copy_result<_Iter, _Out> std::ranges::__copy_fn::operator()(_Iter, _Sent, _Out) const [with _Iter = const char*; _Sent = const char*; _Out = unsigned char*]’ at /usr/include/c++/13/bits/ranges_algobase.h:303:38,
    inlined from ‘constexpr std::ranges::copy_result<std::ranges::borrowed_iterator_t<_Range>, _Out> std::ranges::__copy_fn::operator()(_Range&&, _Out) const [with _Range = std::basic_string_view<char>; _Out = unsigned char*]’ at /usr/include/c++/13/bits/ranges_algobase.h:313:16,
    inlined from ‘T ByteReader::ReadLabel() [with T = Label<RailTypeLabelTag>]’ at /home/flax/games/openspacettd/src/newgrf/newgrf_bytereader.h:106:20,
    inlined from ‘ChangeInfoResult LoadTranslationTable(uint, uint, ByteReader&, TGetTableFunc, std::string_view) [with T = Label<RailTypeLabelTag>; TGetTableFunc = GlobalVarReserveInfo(uint, uint, int, ByteReader&)::<lambda(GRFFile&)>]’ at /home/flax/games/openspacettd/src/newgrf/newgrf_act0_globalvar.cpp:56:47,
    inlined from ‘ChangeInfoResult GlobalVarReserveInfo(uint, uint, int, ByteReader&)’ at /home/flax/games/openspacettd/src/newgrf/newgrf_act0_globalvar.cpp:346:46,
    inlined from ‘static ChangeInfoResult GrfChangeInfoHandler<TFeature>::Reserve(uint, uint, int, ByteReader&) [with GrfSpecFeature TFeature = GrfSpecFeature::GlobalVar]’ at /home/flax/games/openspacettd/src/newgrf/newgrf_act0_globalvar.cpp:557:166:
/usr/include/c++/13/bits/ranges_algobase.h:274:27: warning: writing 1 byte into a region of size 0 [-Wstringop-overflow=]
  274 |                 *__result = *__first;
      |                 ~~~~~~~~~~^~~~~~~~~~
/usr/include/c++/13/array: In static member function ‘static ChangeInfoResult GrfChangeInfoHandler<TFeature>::Reserve(uint, uint, int, ByteReader&) [with GrfSpecFeature TFeature = GrfSpecFeature::GlobalVar]’:
/usr/include/c++/13/array:109:55: note: at offset [21, 9223372036854775797] into destination object ‘std::array<unsigned char, 4>::_M_elems’ of size 4
  109 |       typename __array_traits<_Tp, _Nm>::_Type        _M_elems;
      |                                                       ^~~~~~~~
/usr/include/c++/13/array:109:55: note: at offset 5 into destination object ‘std::array<unsigned char, 4>::_M_elems’ of size 4
/usr/include/c++/13/array:109:55: note: at offset 5 into destination object ‘std::array<unsigned char, 4>::_M_elems’ of size 4
/usr/include/c++/13/array:109:55: note: at offset [21, 9223372036854775797] into destination object ‘std::array<unsigned char, 4>::_M_elems’ of size 4
/usr/include/c++/13/array:109:55: note: at offset 5 into destination object ‘std::array<unsigned char, 4>::_M_elems’ of size 4
/usr/include/c++/13/array:109:55: note: at offset 5 into destination object ‘std::array<unsigned char, 4>::_M_elems’ of size 4
In function ‘constexpr std::__conditional_t<_IsMove, std::ranges::in_out_result<_Iter, _Out>, std::ranges::in_out_result<_Iter, _Out> > std::ranges::__copy_or_move(_Iter, _Sent, _Out) [with bool _IsMove = false; _Iter = const char*; _Sent = const char*; _Out = unsigned char*]’,
    inlined from ‘constexpr std::ranges::copy_result<_Iter, _Out> std::ranges::__copy_fn::operator()(_Iter, _Sent, _Out) const [with _Iter = const char*; _Sent = const char*; _Out = unsigned char*]’ at /usr/include/c++/13/bits/ranges_algobase.h:303:38,
    inlined from ‘constexpr std::ranges::copy_result<std::ranges::borrowed_iterator_t<_Range>, _Out> std::ranges::__copy_fn::operator()(_Range&&, _Out) const [with _Range = std::basic_string_view<char>; _Out = unsigned char*]’ at /usr/include/c++/13/bits/ranges_algobase.h:313:16,
    inlined from ‘T ByteReader::ReadLabel() [with T = Label<RailTypeLabelTag>]’ at /home/flax/games/openspacettd/src/newgrf/newgrf_bytereader.h:106:20,
    inlined from ‘ChangeInfoResult LoadTranslationTable(uint, uint, ByteReader&, TGetTableFunc, std::string_view) [with T = Label<RailTypeLabelTag>; TGetTableFunc = GlobalVarReserveInfo(uint, uint, int, ByteReader&)::<lambda(GRFFile&)>]’ at /home/flax/games/openspacettd/src/newgrf/newgrf_act0_globalvar.cpp:56:47,
    inlined from ‘ChangeInfoResult GlobalVarReserveInfo(uint, uint, int, ByteReader&)’ at /home/flax/games/openspacettd/src/newgrf/newgrf_act0_globalvar.cpp:346:46,
    inlined from ‘static ChangeInfoResult GrfChangeInfoHandler<TFeature>::Reserve(uint, uint, int, ByteReader&) [with GrfSpecFeature TFeature = GrfSpecFeature::GlobalVar]’ at /home/flax/games/openspacettd/src/newgrf/newgrf_act0_globalvar.cpp:557:166:
/usr/include/c++/13/bits/ranges_algobase.h:274:27: warning: writing 1 byte into a region of size 0 [-Wstringop-overflow=]
  274 |                 *__result = *__first;
      |                 ~~~~~~~~~~^~~~~~~~~~
/usr/include/c++/13/array: In static member function ‘static ChangeInfoResult GrfChangeInfoHandler<TFeature>::Reserve(uint, uint, int, ByteReader&) [with GrfSpecFeature TFeature = GrfSpecFeature::GlobalVar]’:
/usr/include/c++/13/array:109:55: note: at offset [22, 9223372036854775798] into destination object ‘std::array<unsigned char, 4>::_M_elems’ of size 4
  109 |       typename __array_traits<_Tp, _Nm>::_Type        _M_elems;
      |                                                       ^~~~~~~~
/usr/include/c++/13/array:109:55: note: at offset 6 into destination object ‘std::array<unsigned char, 4>::_M_elems’ of size 4
/usr/include/c++/13/array:109:55: note: at offset 6 into destination object ‘std::array<unsigned char, 4>::_M_elems’ of size 4
/usr/include/c++/13/array:109:55: note: at offset [22, 9223372036854775798] into destination object ‘std::array<unsigned char, 4>::_M_elems’ of size 4
/usr/include/c++/13/array:109:55: note: at offset 6 into destination object ‘std::array<unsigned char, 4>::_M_elems’ of size 4
/usr/include/c++/13/array:109:55: note: at offset 6 into destination object ‘std::array<unsigned char, 4>::_M_elems’ of size 4
In function ‘constexpr std::__conditional_t<_IsMove, std::ranges::in_out_result<_Iter, _Out>, std::ranges::in_out_result<_Iter, _Out> > std::ranges::__copy_or_move(_Iter, _Sent, _Out) [with bool _IsMove = false; _Iter = const char*; _Sent = const char*; _Out = unsigned char*]’,
    inlined from ‘constexpr std::ranges::copy_result<_Iter, _Out> std::ranges::__copy_fn::operator()(_Iter, _Sent, _Out) const [with _Iter = const char*; _Sent = const char*; _Out = unsigned char*]’ at /usr/include/c++/13/bits/ranges_algobase.h:303:38,
    inlined from ‘constexpr std::ranges::copy_result<std::ranges::borrowed_iterator_t<_Range>, _Out> std::ranges::__copy_fn::operator()(_Range&&, _Out) const [with _Range = std::basic_string_view<char>; _Out = unsigned char*]’ at /usr/include/c++/13/bits/ranges_algobase.h:313:16,
    inlined from ‘T ByteReader::ReadLabel() [with T = Label<CargoLabelTag>]’ at /home/flax/games/openspacettd/src/newgrf/newgrf_bytereader.h:106:20,
    inlined from ‘ChangeInfoResult LoadTranslationTable(uint, uint, ByteReader&, TGetTableFunc, std::string_view) [with T = Label<CargoLabelTag>; TGetTableFunc = GlobalVarReserveInfo(uint, uint, int, ByteReader&)::<lambda(GRFFile&)>]’ at /home/flax/games/openspacettd/src/newgrf/newgrf_act0_globalvar.cpp:56:47,
    inlined from ‘ChangeInfoResult GlobalVarReserveInfo(uint, uint, int, ByteReader&)’ at /home/flax/games/openspacettd/src/newgrf/newgrf_act0_globalvar.cpp:343:43,
    inlined from ‘static ChangeInfoResult GrfChangeInfoHandler<TFeature>::Reserve(uint, uint, int, ByteReader&) [with GrfSpecFeature TFeature = GrfSpecFeature::GlobalVar]’ at /home/flax/games/openspacettd/src/newgrf/newgrf_act0_globalvar.cpp:557:166:
/usr/include/c++/13/bits/ranges_algobase.h:274:27: warning: writing 1 byte into a region of size 0 [-Wstringop-overflow=]
  274 |                 *__result = *__first;
      |                 ~~~~~~~~~~^~~~~~~~~~
/usr/include/c++/13/array: In static member function ‘static ChangeInfoResult GrfChangeInfoHandler<TFeature>::Reserve(uint, uint, int, ByteReader&) [with GrfSpecFeature TFeature = GrfSpecFeature::GlobalVar]’:
/usr/include/c++/13/array:109:55: note: at offset [20, 9223372036854775796] into destination object ‘std::array<unsigned char, 4>::_M_elems’ of size 4
  109 |       typename __array_traits<_Tp, _Nm>::_Type        _M_elems;
      |                                                       ^~~~~~~~
/usr/include/c++/13/array:109:55: note: at offset 4 into destination object ‘std::array<unsigned char, 4>::_M_elems’ of size 4
/usr/include/c++/13/array:109:55: note: at offset 4 into destination object ‘std::array<unsigned char, 4>::_M_elems’ of size 4
/usr/include/c++/13/array:109:55: note: at offset [20, 9223372036854775796] into destination object ‘std::array<unsigned char, 4>::_M_elems’ of size 4
/usr/include/c++/13/array:109:55: note: at offset 4 into destination object ‘std::array<unsigned char, 4>::_M_elems’ of size 4
/usr/include/c++/13/array:109:55: note: at offset 4 into destination object ‘std::array<unsigned char, 4>::_M_elems’ of size 4
In function ‘constexpr std::__conditional_t<_IsMove, std::ranges::in_out_result<_Iter, _Out>, std::ranges::in_out_result<_Iter, _Out> > std::ranges::__copy_or_move(_Iter, _Sent, _Out) [with bool _IsMove = false; _Iter = const char*; _Sent = const char*; _Out = unsigned char*]’,
    inlined from ‘constexpr std::ranges::copy_result<_Iter, _Out> std::ranges::__copy_fn::operator()(_Iter, _Sent, _Out) const [with _Iter = const char*; _Sent = const char*; _Out = unsigned char*]’ at /usr/include/c++/13/bits/ranges_algobase.h:303:38,
    inlined from ‘constexpr std::ranges::copy_result<std::ranges::borrowed_iterator_t<_Range>, _Out> std::ranges::__copy_fn::operator()(_Range&&, _Out) const [with _Range = std::basic_string_view<char>; _Out = unsigned char*]’ at /usr/include/c++/13/bits/ranges_algobase.h:313:16,
    inlined from ‘T ByteReader::ReadLabel() [with T = Label<CargoLabelTag>]’ at /home/flax/games/openspacettd/src/newgrf/newgrf_bytereader.h:106:20,
    inlined from ‘ChangeInfoResult LoadTranslationTable(uint, uint, ByteReader&, TGetTableFunc, std::string_view) [with T = Label<CargoLabelTag>; TGetTableFunc = GlobalVarReserveInfo(uint, uint, int, ByteReader&)::<lambda(GRFFile&)>]’ at /home/flax/games/openspacettd/src/newgrf/newgrf_act0_globalvar.cpp:56:47,
    inlined from ‘ChangeInfoResult GlobalVarReserveInfo(uint, uint, int, ByteReader&)’ at /home/flax/games/openspacettd/src/newgrf/newgrf_act0_globalvar.cpp:343:43,
    inlined from ‘static ChangeInfoResult GrfChangeInfoHandler<TFeature>::Reserve(uint, uint, int, ByteReader&) [with GrfSpecFeature TFeature = GrfSpecFeature::GlobalVar]’ at /home/flax/games/openspacettd/src/newgrf/newgrf_act0_globalvar.cpp:557:166:
/usr/include/c++/13/bits/ranges_algobase.h:274:27: warning: writing 1 byte into a region of size 0 [-Wstringop-overflow=]
  274 |                 *__result = *__first;
      |                 ~~~~~~~~~~^~~~~~~~~~
/usr/include/c++/13/array: In static member function ‘static ChangeInfoResult GrfChangeInfoHandler<TFeature>::Reserve(uint, uint, int, ByteReader&) [with GrfSpecFeature TFeature = GrfSpecFeature::GlobalVar]’:
/usr/include/c++/13/array:109:55: note: at offset [21, 9223372036854775797] into destination object ‘std::array<unsigned char, 4>::_M_elems’ of size 4
  109 |       typename __array_traits<_Tp, _Nm>::_Type        _M_elems;
      |                                                       ^~~~~~~~
/usr/include/c++/13/array:109:55: note: at offset 5 into destination object ‘std::array<unsigned char, 4>::_M_elems’ of size 4
/usr/include/c++/13/array:109:55: note: at offset 5 into destination object ‘std::array<unsigned char, 4>::_M_elems’ of size 4
/usr/include/c++/13/array:109:55: note: at offset [21, 9223372036854775797] into destination object ‘std::array<unsigned char, 4>::_M_elems’ of size 4
/usr/include/c++/13/array:109:55: note: at offset 5 into destination object ‘std::array<unsigned char, 4>::_M_elems’ of size 4
/usr/include/c++/13/array:109:55: note: at offset 5 into destination object ‘std::array<unsigned char, 4>::_M_elems’ of size 4
In function ‘constexpr std::__conditional_t<_IsMove, std::ranges::in_out_result<_Iter, _Out>, std::ranges::in_out_result<_Iter, _Out> > std::ranges::__copy_or_move(_Iter, _Sent, _Out) [with bool _IsMove = false; _Iter = const char*; _Sent = const char*; _Out = unsigned char*]’,
    inlined from ‘constexpr std::ranges::copy_result<_Iter, _Out> std::ranges::__copy_fn::operator()(_Iter, _Sent, _Out) const [with _Iter = const char*; _Sent = const char*; _Out = unsigned char*]’ at /usr/include/c++/13/bits/ranges_algobase.h:303:38,
    inlined from ‘constexpr std::ranges::copy_result<std::ranges::borrowed_iterator_t<_Range>, _Out> std::ranges::__copy_fn::operator()(_Range&&, _Out) const [with _Range = std::basic_string_view<char>; _Out = unsigned char*]’ at /usr/include/c++/13/bits/ranges_algobase.h:313:16,
    inlined from ‘T ByteReader::ReadLabel() [with T = Label<CargoLabelTag>]’ at /home/flax/games/openspacettd/src/newgrf/newgrf_bytereader.h:106:20,
    inlined from ‘ChangeInfoResult LoadTranslationTable(uint, uint, ByteReader&, TGetTableFunc, std::string_view) [with T = Label<CargoLabelTag>; TGetTableFunc = GlobalVarReserveInfo(uint, uint, int, ByteReader&)::<lambda(GRFFile&)>]’ at /home/flax/games/openspacettd/src/newgrf/newgrf_act0_globalvar.cpp:56:47,
    inlined from ‘ChangeInfoResult GlobalVarReserveInfo(uint, uint, int, ByteReader&)’ at /home/flax/games/openspacettd/src/newgrf/newgrf_act0_globalvar.cpp:343:43,
    inlined from ‘static ChangeInfoResult GrfChangeInfoHandler<TFeature>::Reserve(uint, uint, int, ByteReader&) [with GrfSpecFeature TFeature = GrfSpecFeature::GlobalVar]’ at /home/flax/games/openspacettd/src/newgrf/newgrf_act0_globalvar.cpp:557:166:
/usr/include/c++/13/bits/ranges_algobase.h:274:27: warning: writing 1 byte into a region of size 0 [-Wstringop-overflow=]
  274 |                 *__result = *__first;
      |                 ~~~~~~~~~~^~~~~~~~~~
/usr/include/c++/13/array: In static member function ‘static ChangeInfoResult GrfChangeInfoHandler<TFeature>::Reserve(uint, uint, int, ByteReader&) [with GrfSpecFeature TFeature = GrfSpecFeature::GlobalVar]’:
/usr/include/c++/13/array:109:55: note: at offset [22, 9223372036854775798] into destination object ‘std::array<unsigned char, 4>::_M_elems’ of size 4
  109 |       typename __array_traits<_Tp, _Nm>::_Type        _M_elems;
      |                                                       ^~~~~~~~
/usr/include/c++/13/array:109:55: note: at offset 6 into destination object ‘std::array<unsigned char, 4>::_M_elems’ of size 4
/usr/include/c++/13/array:109:55: note: at offset 6 into destination object ‘std::array<unsigned char, 4>::_M_elems’ of size 4
/usr/include/c++/13/array:109:55: note: at offset [22, 9223372036854775798] into destination object ‘std::array<unsigned char, 4>::_M_elems’ of size 4
/usr/include/c++/13/array:109:55: note: at offset 6 into destination object ‘std::array<unsigned char, 4>::_M_elems’ of size 4
/usr/include/c++/13/array:109:55: note: at offset 6 into destination object ‘std::array<unsigned char, 4>::_M_elems’ of size 4
In function ‘constexpr std::__conditional_t<_IsMove, std::ranges::in_out_result<_Iter, _Out>, std::ranges::in_out_result<_Iter, _Out> > std::ranges::__copy_or_move(_Iter, _Sent, _Out) [with bool _IsMove = false; _Iter = const char*; _Sent = const char*; _Out = unsigned char*]’,
    inlined from ‘constexpr std::ranges::copy_result<_Iter, _Out> std::ranges::__copy_fn::operator()(_Iter, _Sent, _Out) const [with _Iter = const char*; _Sent = const char*; _Out = unsigned char*]’ at /usr/include/c++/13/bits/ranges_algobase.h:303:38,
    inlined from ‘constexpr std::ranges::copy_result<std::ranges::borrowed_iterator_t<_Range>, _Out> std::ranges::__copy_fn::operator()(_Range&&, _Out) const [with _Range = std::basic_string_view<char>; _Out = unsigned char*]’ at /usr/include/c++/13/bits/ranges_algobase.h:313:16,
    inlined from ‘T ByteReader::ReadLabel() [with T = Label<GrfIDTag>]’ at /home/flax/games/openspacettd/src/newgrf/newgrf_bytereader.h:106:20,
    inlined from ‘ChangeInfoResult GlobalVarReserveInfo(uint, uint, int, ByteReader&)’ at /home/flax/games/openspacettd/src/newgrf/newgrf_act0_globalvar.cpp:388:35,
    inlined from ‘static ChangeInfoResult GrfChangeInfoHandler<TFeature>::Reserve(uint, uint, int, ByteReader&) [with GrfSpecFeature TFeature = GrfSpecFeature::GlobalVar]’ at /home/flax/games/openspacettd/src/newgrf/newgrf_act0_globalvar.cpp:557:166:
/usr/include/c++/13/bits/ranges_algobase.h:274:27: warning: writing 1 byte into a region of size 0 [-Wstringop-overflow=]
  274 |                 *__result = *__first;
      |                 ~~~~~~~~~~^~~~~~~~~~
/usr/include/c++/13/array: In static member function ‘static ChangeInfoResult GrfChangeInfoHandler<TFeature>::Reserve(uint, uint, int, ByteReader&) [with GrfSpecFeature TFeature = GrfSpecFeature::GlobalVar]’:
/usr/include/c++/13/array:109:55: note: at offset [20, 9223372036854775796] into destination object ‘std::array<unsigned char, 4>::_M_elems’ of size 4
  109 |       typename __array_traits<_Tp, _Nm>::_Type        _M_elems;
      |                                                       ^~~~~~~~
/usr/include/c++/13/array:109:55: note: at offset 4 into destination object ‘std::array<unsigned char, 4>::_M_elems’ of size 4
/usr/include/c++/13/array:109:55: note: at offset 4 into destination object ‘std::array<unsigned char, 4>::_M_elems’ of size 4
/usr/include/c++/13/array:109:55: note: at offset [20, 9223372036854775796] into destination object ‘std::array<unsigned char, 4>::_M_elems’ of size 4
/usr/include/c++/13/array:109:55: note: at offset 4 into destination object ‘std::array<unsigned char, 4>::_M_elems’ of size 4
/usr/include/c++/13/array:109:55: note: at offset 4 into destination object ‘std::array<unsigned char, 4>::_M_elems’ of size 4
In function ‘constexpr std::__conditional_t<_IsMove, std::ranges::in_out_result<_Iter, _Out>, std::ranges::in_out_result<_Iter, _Out> > std::ranges::__copy_or_move(_Iter, _Sent, _Out) [with bool _IsMove = false; _Iter = const char*; _Sent = const char*; _Out = unsigned char*]’,
    inlined from ‘constexpr std::ranges::copy_result<_Iter, _Out> std::ranges::__copy_fn::operator()(_Iter, _Sent, _Out) const [with _Iter = const char*; _Sent = const char*; _Out = unsigned char*]’ at /usr/include/c++/13/bits/ranges_algobase.h:303:38,
    inlined from ‘constexpr std::ranges::copy_result<std::ranges::borrowed_iterator_t<_Range>, _Out> std::ranges::__copy_fn::operator()(_Range&&, _Out) const [with _Range = std::basic_string_view<char>; _Out = unsigned char*]’ at /usr/include/c++/13/bits/ranges_algobase.h:313:16,
    inlined from ‘T ByteReader::ReadLabel() [with T = Label<GrfIDTag>]’ at /home/flax/games/openspacettd/src/newgrf/newgrf_bytereader.h:106:20,
    inlined from ‘ChangeInfoResult GlobalVarReserveInfo(uint, uint, int, ByteReader&)’ at /home/flax/games/openspacettd/src/newgrf/newgrf_act0_globalvar.cpp:388:35,
    inlined from ‘static ChangeInfoResult GrfChangeInfoHandler<TFeature>::Reserve(uint, uint, int, ByteReader&) [with GrfSpecFeature TFeature = GrfSpecFeature::GlobalVar]’ at /home/flax/games/openspacettd/src/newgrf/newgrf_act0_globalvar.cpp:557:166:
/usr/include/c++/13/bits/ranges_algobase.h:274:27: warning: writing 1 byte into a region of size 0 [-Wstringop-overflow=]
  274 |                 *__result = *__first;
      |                 ~~~~~~~~~~^~~~~~~~~~
/usr/include/c++/13/array: In static member function ‘static ChangeInfoResult GrfChangeInfoHandler<TFeature>::Reserve(uint, uint, int, ByteReader&) [with GrfSpecFeature TFeature = GrfSpecFeature::GlobalVar]’:
/usr/include/c++/13/array:109:55: note: at offset [21, 9223372036854775797] into destination object ‘std::array<unsigned char, 4>::_M_elems’ of size 4
  109 |       typename __array_traits<_Tp, _Nm>::_Type        _M_elems;
      |                                                       ^~~~~~~~
/usr/include/c++/13/array:109:55: note: at offset 5 into destination object ‘std::array<unsigned char, 4>::_M_elems’ of size 4
/usr/include/c++/13/array:109:55: note: at offset 5 into destination object ‘std::array<unsigned char, 4>::_M_elems’ of size 4
/usr/include/c++/13/array:109:55: note: at offset [21, 9223372036854775797] into destination object ‘std::array<unsigned char, 4>::_M_elems’ of size 4
/usr/include/c++/13/array:109:55: note: at offset 5 into destination object ‘std::array<unsigned char, 4>::_M_elems’ of size 4
/usr/include/c++/13/array:109:55: note: at offset 5 into destination object ‘std::array<unsigned char, 4>::_M_elems’ of size 4
In function ‘constexpr std::__conditional_t<_IsMove, std::ranges::in_out_result<_Iter, _Out>, std::ranges::in_out_result<_Iter, _Out> > std::ranges::__copy_or_move(_Iter, _Sent, _Out) [with bool _IsMove = false; _Iter = const char*; _Sent = const char*; _Out = unsigned char*]’,
    inlined from ‘constexpr std::ranges::copy_result<_Iter, _Out> std::ranges::__copy_fn::operator()(_Iter, _Sent, _Out) const [with _Iter = const char*; _Sent = const char*; _Out = unsigned char*]’ at /usr/include/c++/13/bits/ranges_algobase.h:303:38,
    inlined from ‘constexpr std::ranges::copy_result<std::ranges::borrowed_iterator_t<_Range>, _Out> std::ranges::__copy_fn::operator()(_Range&&, _Out) const [with _Range = std::basic_string_view<char>; _Out = unsigned char*]’ at /usr/include/c++/13/bits/ranges_algobase.h:313:16,
    inlined from ‘T ByteReader::ReadLabel() [with T = Label<GrfIDTag>]’ at /home/flax/games/openspacettd/src/newgrf/newgrf_bytereader.h:106:20,
    inlined from ‘ChangeInfoResult GlobalVarReserveInfo(uint, uint, int, ByteReader&)’ at /home/flax/games/openspacettd/src/newgrf/newgrf_act0_globalvar.cpp:388:35,
    inlined from ‘static ChangeInfoResult GrfChangeInfoHandler<TFeature>::Reserve(uint, uint, int, ByteReader&) [with GrfSpecFeature TFeature = GrfSpecFeature::GlobalVar]’ at /home/flax/games/openspacettd/src/newgrf/newgrf_act0_globalvar.cpp:557:166:
/usr/include/c++/13/bits/ranges_algobase.h:274:27: warning: writing 1 byte into a region of size 0 [-Wstringop-overflow=]
  274 |                 *__result = *__first;
      |                 ~~~~~~~~~~^~~~~~~~~~
/usr/include/c++/13/array: In static member function ‘static ChangeInfoResult GrfChangeInfoHandler<TFeature>::Reserve(uint, uint, int, ByteReader&) [with GrfSpecFeature TFeature = GrfSpecFeature::GlobalVar]’:
/usr/include/c++/13/array:109:55: note: at offset [22, 9223372036854775798] into destination object ‘std::array<unsigned char, 4>::_M_elems’ of size 4
  109 |       typename __array_traits<_Tp, _Nm>::_Type        _M_elems;
      |                                                       ^~~~~~~~
/usr/include/c++/13/array:109:55: note: at offset 6 into destination object ‘std::array<unsigned char, 4>::_M_elems’ of size 4
/usr/include/c++/13/array:109:55: note: at offset 6 into destination object ‘std::array<unsigned char, 4>::_M_elems’ of size 4
/usr/include/c++/13/array:109:55: note: at offset [22, 9223372036854775798] into destination object ‘std::array<unsigned char, 4>::_M_elems’ of size 4
/usr/include/c++/13/array:109:55: note: at offset 6 into destination object ‘std::array<unsigned char, 4>::_M_elems’ of size 4
/usr/include/c++/13/array:109:55: note: at offset 6 into destination object ‘std::array<unsigned char, 4>::_M_elems’ of size 4
In function ‘constexpr std::__conditional_t<_IsMove, std::ranges::in_out_result<_Iter, _Out>, std::ranges::in_out_result<_Iter, _Out> > std::ranges::__copy_or_move(_Iter, _Sent, _Out) [with bool _IsMove = false; _Iter = const char*; _Sent = const char*; _Out = unsigned char*]’,
    inlined from ‘constexpr std::ranges::copy_result<_Iter, _Out> std::ranges::__copy_fn::operator()(_Iter, _Sent, _Out) const [with _Iter = const char*; _Sent = const char*; _Out = unsigned char*]’ at /usr/include/c++/13/bits/ranges_algobase.h:303:38,
    inlined from ‘constexpr std::ranges::copy_result<std::ranges::borrowed_iterator_t<_Range>, _Out> std::ranges::__copy_fn::operator()(_Range&&, _Out) const [with _Range = std::basic_string_view<char>; _Out = unsigned char*]’ at /usr/include/c++/13/bits/ranges_algobase.h:313:16,
    inlined from ‘T ByteReader::ReadLabel() [with T = Label<GrfIDTag>]’ at /home/flax/games/openspacettd/src/newgrf/newgrf_bytereader.h:106:20,
    inlined from ‘ChangeInfoResult GlobalVarReserveInfo(uint, uint, int, ByteReader&)’ at /home/flax/games/openspacettd/src/newgrf/newgrf_act0_globalvar.cpp:389:35,
    inlined from ‘static ChangeInfoResult GrfChangeInfoHandler<TFeature>::Reserve(uint, uint, int, ByteReader&) [with GrfSpecFeature TFeature = GrfSpecFeature::GlobalVar]’ at /home/flax/games/openspacettd/src/newgrf/newgrf_act0_globalvar.cpp:557:166:
/usr/include/c++/13/bits/ranges_algobase.h:274:27: warning: writing 1 byte into a region of size 0 [-Wstringop-overflow=]
  274 |                 *__result = *__first;
      |                 ~~~~~~~~~~^~~~~~~~~~
/usr/include/c++/13/array: In static member function ‘static ChangeInfoResult GrfChangeInfoHandler<TFeature>::Reserve(uint, uint, int, ByteReader&) [with GrfSpecFeature TFeature = GrfSpecFeature::GlobalVar]’:
/usr/include/c++/13/array:109:55: note: at offset [20, 9223372036854775796] into destination object ‘std::array<unsigned char, 4>::_M_elems’ of size 4
  109 |       typename __array_traits<_Tp, _Nm>::_Type        _M_elems;
      |                                                       ^~~~~~~~
/usr/include/c++/13/array:109:55: note: at offset 4 into destination object ‘std::array<unsigned char, 4>::_M_elems’ of size 4
/usr/include/c++/13/array:109:55: note: at offset 4 into destination object ‘std::array<unsigned char, 4>::_M_elems’ of size 4
/usr/include/c++/13/array:109:55: note: at offset [20, 9223372036854775796] into destination object ‘std::array<unsigned char, 4>::_M_elems’ of size 4
/usr/include/c++/13/array:109:55: note: at offset 4 into destination object ‘std::array<unsigned char, 4>::_M_elems’ of size 4
/usr/include/c++/13/array:109:55: note: at offset 4 into destination object ‘std::array<unsigned char, 4>::_M_elems’ of size 4
In function ‘constexpr std::__conditional_t<_IsMove, std::ranges::in_out_result<_Iter, _Out>, std::ranges::in_out_result<_Iter, _Out> > std::ranges::__copy_or_move(_Iter, _Sent, _Out) [with bool _IsMove = false; _Iter = const char*; _Sent = const char*; _Out = unsigned char*]’,
    inlined from ‘constexpr std::ranges::copy_result<_Iter, _Out> std::ranges::__copy_fn::operator()(_Iter, _Sent, _Out) const [with _Iter = const char*; _Sent = const char*; _Out = unsigned char*]’ at /usr/include/c++/13/bits/ranges_algobase.h:303:38,
    inlined from ‘constexpr std::ranges::copy_result<std::ranges::borrowed_iterator_t<_Range>, _Out> std::ranges::__copy_fn::operator()(_Range&&, _Out) const [with _Range = std::basic_string_view<char>; _Out = unsigned char*]’ at /usr/include/c++/13/bits/ranges_algobase.h:313:16,
    inlined from ‘T ByteReader::ReadLabel() [with T = Label<GrfIDTag>]’ at /home/flax/games/openspacettd/src/newgrf/newgrf_bytereader.h:106:20,
    inlined from ‘ChangeInfoResult GlobalVarReserveInfo(uint, uint, int, ByteReader&)’ at /home/flax/games/openspacettd/src/newgrf/newgrf_act0_globalvar.cpp:389:35,
    inlined from ‘static ChangeInfoResult GrfChangeInfoHandler<TFeature>::Reserve(uint, uint, int, ByteReader&) [with GrfSpecFeature TFeature = GrfSpecFeature::GlobalVar]’ at /home/flax/games/openspacettd/src/newgrf/newgrf_act0_globalvar.cpp:557:166:
/usr/include/c++/13/bits/ranges_algobase.h:274:27: warning: writing 1 byte into a region of size 0 [-Wstringop-overflow=]
  274 |                 *__result = *__first;
      |                 ~~~~~~~~~~^~~~~~~~~~
/usr/include/c++/13/array: In static member function ‘static ChangeInfoResult GrfChangeInfoHandler<TFeature>::Reserve(uint, uint, int, ByteReader&) [with GrfSpecFeature TFeature = GrfSpecFeature::GlobalVar]’:
/usr/include/c++/13/array:109:55: note: at offset [21, 9223372036854775797] into destination object ‘std::array<unsigned char, 4>::_M_elems’ of size 4
  109 |       typename __array_traits<_Tp, _Nm>::_Type        _M_elems;
      |                                                       ^~~~~~~~
/usr/include/c++/13/array:109:55: note: at offset 5 into destination object ‘std::array<unsigned char, 4>::_M_elems’ of size 4
/usr/include/c++/13/array:109:55: note: at offset 5 into destination object ‘std::array<unsigned char, 4>::_M_elems’ of size 4
/usr/include/c++/13/array:109:55: note: at offset [21, 9223372036854775797] into destination object ‘std::array<unsigned char, 4>::_M_elems’ of size 4
/usr/include/c++/13/array:109:55: note: at offset 5 into destination object ‘std::array<unsigned char, 4>::_M_elems’ of size 4
/usr/include/c++/13/array:109:55: note: at offset 5 into destination object ‘std::array<unsigned char, 4>::_M_elems’ of size 4
In function ‘constexpr std::__conditional_t<_IsMove, std::ranges::in_out_result<_Iter, _Out>, std::ranges::in_out_result<_Iter, _Out> > std::ranges::__copy_or_move(_Iter, _Sent, _Out) [with bool _IsMove = false; _Iter = const char*; _Sent = const char*; _Out = unsigned char*]’,
    inlined from ‘constexpr std::ranges::copy_result<_Iter, _Out> std::ranges::__copy_fn::operator()(_Iter, _Sent, _Out) const [with _Iter = const char*; _Sent = const char*; _Out = unsigned char*]’ at /usr/include/c++/13/bits/ranges_algobase.h:303:38,
    inlined from ‘constexpr std::ranges::copy_result<std::ranges::borrowed_iterator_t<_Range>, _Out> std::ranges::__copy_fn::operator()(_Range&&, _Out) const [with _Range = std::basic_string_view<char>; _Out = unsigned char*]’ at /usr/include/c++/13/bits/ranges_algobase.h:313:16,
    inlined from ‘T ByteReader::ReadLabel() [with T = Label<GrfIDTag>]’ at /home/flax/games/openspacettd/src/newgrf/newgrf_bytereader.h:106:20,
    inlined from ‘ChangeInfoResult GlobalVarReserveInfo(uint, uint, int, ByteReader&)’ at /home/flax/games/openspacettd/src/newgrf/newgrf_act0_globalvar.cpp:389:35,
    inlined from ‘static ChangeInfoResult GrfChangeInfoHandler<TFeature>::Reserve(uint, uint, int, ByteReader&) [with GrfSpecFeature TFeature = GrfSpecFeature::GlobalVar]’ at /home/flax/games/openspacettd/src/newgrf/newgrf_act0_globalvar.cpp:557:166:
/usr/include/c++/13/bits/ranges_algobase.h:274:27: warning: writing 1 byte into a region of size 0 [-Wstringop-overflow=]
  274 |                 *__result = *__first;
      |                 ~~~~~~~~~~^~~~~~~~~~
/usr/include/c++/13/array: In static member function ‘static ChangeInfoResult GrfChangeInfoHandler<TFeature>::Reserve(uint, uint, int, ByteReader&) [with GrfSpecFeature TFeature = GrfSpecFeature::GlobalVar]’:
/usr/include/c++/13/array:109:55: note: at offset [22, 9223372036854775798] into destination object ‘std::array<unsigned char, 4>::_M_elems’ of size 4
  109 |       typename __array_traits<_Tp, _Nm>::_Type        _M_elems;
      |                                                       ^~~~~~~~
/usr/include/c++/13/array:109:55: note: at offset 6 into destination object ‘std::array<unsigned char, 4>::_M_elems’ of size 4
/usr/include/c++/13/array:109:55: note: at offset 6 into destination object ‘std::array<unsigned char, 4>::_M_elems’ of size 4
/usr/include/c++/13/array:109:55: note: at offset [22, 9223372036854775798] into destination object ‘std::array<unsigned char, 4>::_M_elems’ of size 4
/usr/include/c++/13/array:109:55: note: at offset 6 into destination object ‘std::array<unsigned char, 4>::_M_elems’ of size 4
/usr/include/c++/13/array:109:55: note: at offset 6 into destination object ‘std::array<unsigned char, 4>::_M_elems’ of size 4
In function ‘constexpr std::__conditional_t<_IsMove, std::ranges::in_out_result<_Iter, _Out>, std::ranges::in_out_result<_Iter, _Out> > std::ranges::__copy_or_move(_Iter, _Sent, _Out) [with bool _IsMove = false; _Iter = const char*; _Sent = const char*; _Out = unsigned char*]’,
    inlined from ‘constexpr std::ranges::copy_result<_Iter, _Out> std::ranges::__copy_fn::operator()(_Iter, _Sent, _Out) const [with _Iter = const char*; _Sent = const char*; _Out = unsigned char*]’ at /usr/include/c++/13/bits/ranges_algobase.h:303:38,
    inlined from ‘constexpr std::ranges::copy_result<std::ranges::borrowed_iterator_t<_Range>, _Out> std::ranges::__copy_fn::operator()(_Range&&, _Out) const [with _Range = std::basic_string_view<char>; _Out = unsigned char*]’ at /usr/include/c++/13/bits/ranges_algobase.h:313:16,
    inlined from ‘T ByteReader::ReadLabel() [with T = Label<RoadTypeLabelTag>]’ at /home/flax/games/openspacettd/src/newgrf/newgrf_bytereader.h:106:20,
    inlined from ‘ChangeInfoResult LoadTranslationTable(uint, uint, ByteReader&, TGetTableFunc, std::string_view) [with T = Label<RoadTypeLabelTag>; TGetTableFunc = GlobalVarChangeInfo(uint, uint, int, ByteReader&)::<lambda(GRFFile&)>]’ at /home/flax/games/openspacettd/src/newgrf/newgrf_act0_globalvar.cpp:56:47,
    inlined from ‘ChangeInfoResult GlobalVarChangeInfo(uint, uint, int, ByteReader&)’ at /home/flax/games/openspacettd/src/newgrf/newgrf_act0_globalvar.cpp:124:46:
/usr/include/c++/13/bits/ranges_algobase.h:274:27: warning: writing 1 byte into a region of size 0 [-Wstringop-overflow=]
  274 |                 *__result = *__first;
      |                 ~~~~~~~~~~^~~~~~~~~~
/usr/include/c++/13/array: In function ‘ChangeInfoResult GlobalVarChangeInfo(uint, uint, int, ByteReader&)’:
/usr/include/c++/13/array:109:55: note: at offset [20, 9223372036854775796] into destination object ‘std::array<unsigned char, 4>::_M_elems’ of size 4
  109 |       typename __array_traits<_Tp, _Nm>::_Type        _M_elems;
      |                                                       ^~~~~~~~
/usr/include/c++/13/array:109:55: note: at offset 4 into destination object ‘std::array<unsigned char, 4>::_M_elems’ of size 4
/usr/include/c++/13/array:109:55: note: at offset [20, 9223372036854775796] into destination object ‘std::array<unsigned char, 4>::_M_elems’ of size 4
/usr/include/c++/13/array:109:55: note: at offset 4 into destination object ‘std::array<unsigned char, 4>::_M_elems’ of size 4
In function ‘constexpr std::__conditional_t<_IsMove, std::ranges::in_out_result<_Iter, _Out>, std::ranges::in_out_result<_Iter, _Out> > std::ranges::__copy_or_move(_Iter, _Sent, _Out) [with bool _IsMove = false; _Iter = const char*; _Sent = const char*; _Out = unsigned char*]’,
    inlined from ‘constexpr std::ranges::copy_result<_Iter, _Out> std::ranges::__copy_fn::operator()(_Iter, _Sent, _Out) const [with _Iter = const char*; _Sent = const char*; _Out = unsigned char*]’ at /usr/include/c++/13/bits/ranges_algobase.h:303:38,
    inlined from ‘constexpr std::ranges::copy_result<std::ranges::borrowed_iterator_t<_Range>, _Out> std::ranges::__copy_fn::operator()(_Range&&, _Out) const [with _Range = std::basic_string_view<char>; _Out = unsigned char*]’ at /usr/include/c++/13/bits/ranges_algobase.h:313:16,
    inlined from ‘T ByteReader::ReadLabel() [with T = Label<RoadTypeLabelTag>]’ at /home/flax/games/openspacettd/src/newgrf/newgrf_bytereader.h:106:20,
    inlined from ‘ChangeInfoResult LoadTranslationTable(uint, uint, ByteReader&, TGetTableFunc, std::string_view) [with T = Label<RoadTypeLabelTag>; TGetTableFunc = GlobalVarChangeInfo(uint, uint, int, ByteReader&)::<lambda(GRFFile&)>]’ at /home/flax/games/openspacettd/src/newgrf/newgrf_act0_globalvar.cpp:56:47,
    inlined from ‘ChangeInfoResult GlobalVarChangeInfo(uint, uint, int, ByteReader&)’ at /home/flax/games/openspacettd/src/newgrf/newgrf_act0_globalvar.cpp:124:46:
/usr/include/c++/13/bits/ranges_algobase.h:274:27: warning: writing 1 byte into a region of size 0 [-Wstringop-overflow=]
  274 |                 *__result = *__first;
      |                 ~~~~~~~~~~^~~~~~~~~~
/usr/include/c++/13/array: In function ‘ChangeInfoResult GlobalVarChangeInfo(uint, uint, int, ByteReader&)’:
/usr/include/c++/13/array:109:55: note: at offset [21, 9223372036854775797] into destination object ‘std::array<unsigned char, 4>::_M_elems’ of size 4
  109 |       typename __array_traits<_Tp, _Nm>::_Type        _M_elems;
      |                                                       ^~~~~~~~
/usr/include/c++/13/array:109:55: note: at offset 5 into destination object ‘std::array<unsigned char, 4>::_M_elems’ of size 4
/usr/include/c++/13/array:109:55: note: at offset [21, 9223372036854775797] into destination object ‘std::array<unsigned char, 4>::_M_elems’ of size 4
/usr/include/c++/13/array:109:55: note: at offset 5 into destination object ‘std::array<unsigned char, 4>::_M_elems’ of size 4
In function ‘constexpr std::__conditional_t<_IsMove, std::ranges::in_out_result<_Iter, _Out>, std::ranges::in_out_result<_Iter, _Out> > std::ranges::__copy_or_move(_Iter, _Sent, _Out) [with bool _IsMove = false; _Iter = const char*; _Sent = const char*; _Out = unsigned char*]’,
    inlined from ‘constexpr std::ranges::copy_result<_Iter, _Out> std::ranges::__copy_fn::operator()(_Iter, _Sent, _Out) const [with _Iter = const char*; _Sent = const char*; _Out = unsigned char*]’ at /usr/include/c++/13/bits/ranges_algobase.h:303:38,
    inlined from ‘constexpr std::ranges::copy_result<std::ranges::borrowed_iterator_t<_Range>, _Out> std::ranges::__copy_fn::operator()(_Range&&, _Out) const [with _Range = std::basic_string_view<char>; _Out = unsigned char*]’ at /usr/include/c++/13/bits/ranges_algobase.h:313:16,
    inlined from ‘T ByteReader::ReadLabel() [with T = Label<RoadTypeLabelTag>]’ at /home/flax/games/openspacettd/src/newgrf/newgrf_bytereader.h:106:20,
    inlined from ‘ChangeInfoResult LoadTranslationTable(uint, uint, ByteReader&, TGetTableFunc, std::string_view) [with T = Label<RoadTypeLabelTag>; TGetTableFunc = GlobalVarChangeInfo(uint, uint, int, ByteReader&)::<lambda(GRFFile&)>]’ at /home/flax/games/openspacettd/src/newgrf/newgrf_act0_globalvar.cpp:56:47,
    inlined from ‘ChangeInfoResult GlobalVarChangeInfo(uint, uint, int, ByteReader&)’ at /home/flax/games/openspacettd/src/newgrf/newgrf_act0_globalvar.cpp:124:46:
/usr/include/c++/13/bits/ranges_algobase.h:274:27: warning: writing 1 byte into a region of size 0 [-Wstringop-overflow=]
  274 |                 *__result = *__first;
      |                 ~~~~~~~~~~^~~~~~~~~~
/usr/include/c++/13/array: In function ‘ChangeInfoResult GlobalVarChangeInfo(uint, uint, int, ByteReader&)’:
/usr/include/c++/13/array:109:55: note: at offset [22, 9223372036854775798] into destination object ‘std::array<unsigned char, 4>::_M_elems’ of size 4
  109 |       typename __array_traits<_Tp, _Nm>::_Type        _M_elems;
      |                                                       ^~~~~~~~
/usr/include/c++/13/array:109:55: note: at offset 6 into destination object ‘std::array<unsigned char, 4>::_M_elems’ of size 4
/usr/include/c++/13/array:109:55: note: at offset [22, 9223372036854775798] into destination object ‘std::array<unsigned char, 4>::_M_elems’ of size 4
/usr/include/c++/13/array:109:55: note: at offset 6 into destination object ‘std::array<unsigned char, 4>::_M_elems’ of size 4
In function ‘constexpr std::__conditional_t<_IsMove, std::ranges::in_out_result<_Iter, _Out>, std::ranges::in_out_result<_Iter, _Out> > std::ranges::__copy_or_move(_Iter, _Sent, _Out) [with bool _IsMove = false; _Iter = const char*; _Sent = const char*; _Out = unsigned char*]’,
    inlined from ‘constexpr std::ranges::copy_result<_Iter, _Out> std::ranges::__copy_fn::operator()(_Iter, _Sent, _Out) const [with _Iter = const char*; _Sent = const char*; _Out = unsigned char*]’ at /usr/include/c++/13/bits/ranges_algobase.h:303:38,
    inlined from ‘constexpr std::ranges::copy_result<std::ranges::borrowed_iterator_t<_Range>, _Out> std::ranges::__copy_fn::operator()(_Range&&, _Out) const [with _Range = std::basic_string_view<char>; _Out = unsigned char*]’ at /usr/include/c++/13/bits/ranges_algobase.h:313:16,
    inlined from ‘T ByteReader::ReadLabel() [with T = Label<RoadTypeLabelTag>]’ at /home/flax/games/openspacettd/src/newgrf/newgrf_bytereader.h:106:20,
    inlined from ‘ChangeInfoResult LoadTranslationTable(uint, uint, ByteReader&, TGetTableFunc, std::string_view) [with T = Label<RoadTypeLabelTag>; TGetTableFunc = GlobalVarChangeInfo(uint, uint, int, ByteReader&)::<lambda(GRFFile&)>]’ at /home/flax/games/openspacettd/src/newgrf/newgrf_act0_globalvar.cpp:56:47,
    inlined from ‘ChangeInfoResult GlobalVarChangeInfo(uint, uint, int, ByteReader&)’ at /home/flax/games/openspacettd/src/newgrf/newgrf_act0_globalvar.cpp:121:46:
/usr/include/c++/13/bits/ranges_algobase.h:274:27: warning: writing 1 byte into a region of size 0 [-Wstringop-overflow=]
  274 |                 *__result = *__first;
      |                 ~~~~~~~~~~^~~~~~~~~~
/usr/include/c++/13/array: In function ‘ChangeInfoResult GlobalVarChangeInfo(uint, uint, int, ByteReader&)’:
/usr/include/c++/13/array:109:55: note: at offset [20, 9223372036854775796] into destination object ‘std::array<unsigned char, 4>::_M_elems’ of size 4
  109 |       typename __array_traits<_Tp, _Nm>::_Type        _M_elems;
      |                                                       ^~~~~~~~
/usr/include/c++/13/array:109:55: note: at offset 4 into destination object ‘std::array<unsigned char, 4>::_M_elems’ of size 4
/usr/include/c++/13/array:109:55: note: at offset [20, 9223372036854775796] into destination object ‘std::array<unsigned char, 4>::_M_elems’ of size 4
/usr/include/c++/13/array:109:55: note: at offset 4 into destination object ‘std::array<unsigned char, 4>::_M_elems’ of size 4
In function ‘constexpr std::__conditional_t<_IsMove, std::ranges::in_out_result<_Iter, _Out>, std::ranges::in_out_result<_Iter, _Out> > std::ranges::__copy_or_move(_Iter, _Sent, _Out) [with bool _IsMove = false; _Iter = const char*; _Sent = const char*; _Out = unsigned char*]’,
    inlined from ‘constexpr std::ranges::copy_result<_Iter, _Out> std::ranges::__copy_fn::operator()(_Iter, _Sent, _Out) const [with _Iter = const char*; _Sent = const char*; _Out = unsigned char*]’ at /usr/include/c++/13/bits/ranges_algobase.h:303:38,
    inlined from ‘constexpr std::ranges::copy_result<std::ranges::borrowed_iterator_t<_Range>, _Out> std::ranges::__copy_fn::operator()(_Range&&, _Out) const [with _Range = std::basic_string_view<char>; _Out = unsigned char*]’ at /usr/include/c++/13/bits/ranges_algobase.h:313:16,
    inlined from ‘T ByteReader::ReadLabel() [with T = Label<RoadTypeLabelTag>]’ at /home/flax/games/openspacettd/src/newgrf/newgrf_bytereader.h:106:20,
    inlined from ‘ChangeInfoResult LoadTranslationTable(uint, uint, ByteReader&, TGetTableFunc, std::string_view) [with T = Label<RoadTypeLabelTag>; TGetTableFunc = GlobalVarChangeInfo(uint, uint, int, ByteReader&)::<lambda(GRFFile&)>]’ at /home/flax/games/openspacettd/src/newgrf/newgrf_act0_globalvar.cpp:56:47,
    inlined from ‘ChangeInfoResult GlobalVarChangeInfo(uint, uint, int, ByteReader&)’ at /home/flax/games/openspacettd/src/newgrf/newgrf_act0_globalvar.cpp:121:46:
/usr/include/c++/13/bits/ranges_algobase.h:274:27: warning: writing 1 byte into a region of size 0 [-Wstringop-overflow=]
  274 |                 *__result = *__first;
      |                 ~~~~~~~~~~^~~~~~~~~~
/usr/include/c++/13/array: In function ‘ChangeInfoResult GlobalVarChangeInfo(uint, uint, int, ByteReader&)’:
/usr/include/c++/13/array:109:55: note: at offset [21, 9223372036854775797] into destination object ‘std::array<unsigned char, 4>::_M_elems’ of size 4
  109 |       typename __array_traits<_Tp, _Nm>::_Type        _M_elems;
      |                                                       ^~~~~~~~
/usr/include/c++/13/array:109:55: note: at offset 5 into destination object ‘std::array<unsigned char, 4>::_M_elems’ of size 4
/usr/include/c++/13/array:109:55: note: at offset [21, 9223372036854775797] into destination object ‘std::array<unsigned char, 4>::_M_elems’ of size 4
/usr/include/c++/13/array:109:55: note: at offset 5 into destination object ‘std::array<unsigned char, 4>::_M_elems’ of size 4
In function ‘constexpr std::__conditional_t<_IsMove, std::ranges::in_out_result<_Iter, _Out>, std::ranges::in_out_result<_Iter, _Out> > std::ranges::__copy_or_move(_Iter, _Sent, _Out) [with bool _IsMove = false; _Iter = const char*; _Sent = const char*; _Out = unsigned char*]’,
    inlined from ‘constexpr std::ranges::copy_result<_Iter, _Out> std::ranges::__copy_fn::operator()(_Iter, _Sent, _Out) const [with _Iter = const char*; _Sent = const char*; _Out = unsigned char*]’ at /usr/include/c++/13/bits/ranges_algobase.h:303:38,
    inlined from ‘constexpr std::ranges::copy_result<std::ranges::borrowed_iterator_t<_Range>, _Out> std::ranges::__copy_fn::operator()(_Range&&, _Out) const [with _Range = std::basic_string_view<char>; _Out = unsigned char*]’ at /usr/include/c++/13/bits/ranges_algobase.h:313:16,
    inlined from ‘T ByteReader::ReadLabel() [with T = Label<RoadTypeLabelTag>]’ at /home/flax/games/openspacettd/src/newgrf/newgrf_bytereader.h:106:20,
    inlined from ‘ChangeInfoResult LoadTranslationTable(uint, uint, ByteReader&, TGetTableFunc, std::string_view) [with T = Label<RoadTypeLabelTag>; TGetTableFunc = GlobalVarChangeInfo(uint, uint, int, ByteReader&)::<lambda(GRFFile&)>]’ at /home/flax/games/openspacettd/src/newgrf/newgrf_act0_globalvar.cpp:56:47,
    inlined from ‘ChangeInfoResult GlobalVarChangeInfo(uint, uint, int, ByteReader&)’ at /home/flax/games/openspacettd/src/newgrf/newgrf_act0_globalvar.cpp:121:46:
/usr/include/c++/13/bits/ranges_algobase.h:274:27: warning: writing 1 byte into a region of size 0 [-Wstringop-overflow=]
  274 |                 *__result = *__first;
      |                 ~~~~~~~~~~^~~~~~~~~~
/usr/include/c++/13/array: In function ‘ChangeInfoResult GlobalVarChangeInfo(uint, uint, int, ByteReader&)’:
/usr/include/c++/13/array:109:55: note: at offset [22, 9223372036854775798] into destination object ‘std::array<unsigned char, 4>::_M_elems’ of size 4
  109 |       typename __array_traits<_Tp, _Nm>::_Type        _M_elems;
      |                                                       ^~~~~~~~
/usr/include/c++/13/array:109:55: note: at offset 6 into destination object ‘std::array<unsigned char, 4>::_M_elems’ of size 4
/usr/include/c++/13/array:109:55: note: at offset [22, 9223372036854775798] into destination object ‘std::array<unsigned char, 4>::_M_elems’ of size 4
/usr/include/c++/13/array:109:55: note: at offset 6 into destination object ‘std::array<unsigned char, 4>::_M_elems’ of size 4
In function ‘constexpr std::__conditional_t<_IsMove, std::ranges::in_out_result<_Iter, _Out>, std::ranges::in_out_result<_Iter, _Out> > std::ranges::__copy_or_move(_Iter, _Sent, _Out) [with bool _IsMove = false; _Iter = const char*; _Sent = const char*; _Out = unsigned char*]’,
    inlined from ‘constexpr std::ranges::copy_result<_Iter, _Out> std::ranges::__copy_fn::operator()(_Iter, _Sent, _Out) const [with _Iter = const char*; _Sent = const char*; _Out = unsigned char*]’ at /usr/include/c++/13/bits/ranges_algobase.h:303:38,
    inlined from ‘constexpr std::ranges::copy_result<std::ranges::borrowed_iterator_t<_Range>, _Out> std::ranges::__copy_fn::operator()(_Range&&, _Out) const [with _Range = std::basic_string_view<char>; _Out = unsigned char*]’ at /usr/include/c++/13/bits/ranges_algobase.h:313:16,
    inlined from ‘T ByteReader::ReadLabel() [with T = Label<RailTypeLabelTag>]’ at /home/flax/games/openspacettd/src/newgrf/newgrf_bytereader.h:106:20,
    inlined from ‘ChangeInfoResult LoadTranslationTable(uint, uint, ByteReader&, TGetTableFunc, std::string_view) [with T = Label<RailTypeLabelTag>; TGetTableFunc = GlobalVarChangeInfo(uint, uint, int, ByteReader&)::<lambda(GRFFile&)>]’ at /home/flax/games/openspacettd/src/newgrf/newgrf_act0_globalvar.cpp:56:47,
    inlined from ‘ChangeInfoResult GlobalVarChangeInfo(uint, uint, int, ByteReader&)’ at /home/flax/games/openspacettd/src/newgrf/newgrf_act0_globalvar.cpp:118:46:
/usr/include/c++/13/bits/ranges_algobase.h:274:27: warning: writing 1 byte into a region of size 0 [-Wstringop-overflow=]
  274 |                 *__result = *__first;
      |                 ~~~~~~~~~~^~~~~~~~~~
/usr/include/c++/13/array: In function ‘ChangeInfoResult GlobalVarChangeInfo(uint, uint, int, ByteReader&)’:
/usr/include/c++/13/array:109:55: note: at offset [20, 9223372036854775796] into destination object ‘std::array<unsigned char, 4>::_M_elems’ of size 4
  109 |       typename __array_traits<_Tp, _Nm>::_Type        _M_elems;
      |                                                       ^~~~~~~~
/usr/include/c++/13/array:109:55: note: at offset 4 into destination object ‘std::array<unsigned char, 4>::_M_elems’ of size 4
/usr/include/c++/13/array:109:55: note: at offset [20, 9223372036854775796] into destination object ‘std::array<unsigned char, 4>::_M_elems’ of size 4
/usr/include/c++/13/array:109:55: note: at offset 4 into destination object ‘std::array<unsigned char, 4>::_M_elems’ of size 4
In function ‘constexpr std::__conditional_t<_IsMove, std::ranges::in_out_result<_Iter, _Out>, std::ranges::in_out_result<_Iter, _Out> > std::ranges::__copy_or_move(_Iter, _Sent, _Out) [with bool _IsMove = false; _Iter = const char*; _Sent = const char*; _Out = unsigned char*]’,
    inlined from ‘constexpr std::ranges::copy_result<_Iter, _Out> std::ranges::__copy_fn::operator()(_Iter, _Sent, _Out) const [with _Iter = const char*; _Sent = const char*; _Out = unsigned char*]’ at /usr/include/c++/13/bits/ranges_algobase.h:303:38,
    inlined from ‘constexpr std::ranges::copy_result<std::ranges::borrowed_iterator_t<_Range>, _Out> std::ranges::__copy_fn::operator()(_Range&&, _Out) const [with _Range = std::basic_string_view<char>; _Out = unsigned char*]’ at /usr/include/c++/13/bits/ranges_algobase.h:313:16,
    inlined from ‘T ByteReader::ReadLabel() [with T = Label<RailTypeLabelTag>]’ at /home/flax/games/openspacettd/src/newgrf/newgrf_bytereader.h:106:20,
    inlined from ‘ChangeInfoResult LoadTranslationTable(uint, uint, ByteReader&, TGetTableFunc, std::string_view) [with T = Label<RailTypeLabelTag>; TGetTableFunc = GlobalVarChangeInfo(uint, uint, int, ByteReader&)::<lambda(GRFFile&)>]’ at /home/flax/games/openspacettd/src/newgrf/newgrf_act0_globalvar.cpp:56:47,
    inlined from ‘ChangeInfoResult GlobalVarChangeInfo(uint, uint, int, ByteReader&)’ at /home/flax/games/openspacettd/src/newgrf/newgrf_act0_globalvar.cpp:118:46:
/usr/include/c++/13/bits/ranges_algobase.h:274:27: warning: writing 1 byte into a region of size 0 [-Wstringop-overflow=]
  274 |                 *__result = *__first;
      |                 ~~~~~~~~~~^~~~~~~~~~
/usr/include/c++/13/array: In function ‘ChangeInfoResult GlobalVarChangeInfo(uint, uint, int, ByteReader&)’:
/usr/include/c++/13/array:109:55: note: at offset [21, 9223372036854775797] into destination object ‘std::array<unsigned char, 4>::_M_elems’ of size 4
  109 |       typename __array_traits<_Tp, _Nm>::_Type        _M_elems;
      |                                                       ^~~~~~~~
/usr/include/c++/13/array:109:55: note: at offset 5 into destination object ‘std::array<unsigned char, 4>::_M_elems’ of size 4
/usr/include/c++/13/array:109:55: note: at offset [21, 9223372036854775797] into destination object ‘std::array<unsigned char, 4>::_M_elems’ of size 4
/usr/include/c++/13/array:109:55: note: at offset 5 into destination object ‘std::array<unsigned char, 4>::_M_elems’ of size 4
In function ‘constexpr std::__conditional_t<_IsMove, std::ranges::in_out_result<_Iter, _Out>, std::ranges::in_out_result<_Iter, _Out> > std::ranges::__copy_or_move(_Iter, _Sent, _Out) [with bool _IsMove = false; _Iter = const char*; _Sent = const char*; _Out = unsigned char*]’,
    inlined from ‘constexpr std::ranges::copy_result<_Iter, _Out> std::ranges::__copy_fn::operator()(_Iter, _Sent, _Out) const [with _Iter = const char*; _Sent = const char*; _Out = unsigned char*]’ at /usr/include/c++/13/bits/ranges_algobase.h:303:38,
    inlined from ‘constexpr std::ranges::copy_result<std::ranges::borrowed_iterator_t<_Range>, _Out> std::ranges::__copy_fn::operator()(_Range&&, _Out) const [with _Range = std::basic_string_view<char>; _Out = unsigned char*]’ at /usr/include/c++/13/bits/ranges_algobase.h:313:16,
    inlined from ‘T ByteReader::ReadLabel() [with T = Label<RailTypeLabelTag>]’ at /home/flax/games/openspacettd/src/newgrf/newgrf_bytereader.h:106:20,
    inlined from ‘ChangeInfoResult LoadTranslationTable(uint, uint, ByteReader&, TGetTableFunc, std::string_view) [with T = Label<RailTypeLabelTag>; TGetTableFunc = GlobalVarChangeInfo(uint, uint, int, ByteReader&)::<lambda(GRFFile&)>]’ at /home/flax/games/openspacettd/src/newgrf/newgrf_act0_globalvar.cpp:56:47,
    inlined from ‘ChangeInfoResult GlobalVarChangeInfo(uint, uint, int, ByteReader&)’ at /home/flax/games/openspacettd/src/newgrf/newgrf_act0_globalvar.cpp:118:46:
/usr/include/c++/13/bits/ranges_algobase.h:274:27: warning: writing 1 byte into a region of size 0 [-Wstringop-overflow=]
  274 |                 *__result = *__first;
      |                 ~~~~~~~~~~^~~~~~~~~~
/usr/include/c++/13/array: In function ‘ChangeInfoResult GlobalVarChangeInfo(uint, uint, int, ByteReader&)’:
/usr/include/c++/13/array:109:55: note: at offset [22, 9223372036854775798] into destination object ‘std::array<unsigned char, 4>::_M_elems’ of size 4
  109 |       typename __array_traits<_Tp, _Nm>::_Type        _M_elems;
      |                                                       ^~~~~~~~
/usr/include/c++/13/array:109:55: note: at offset 6 into destination object ‘std::array<unsigned char, 4>::_M_elems’ of size 4
/usr/include/c++/13/array:109:55: note: at offset [22, 9223372036854775798] into destination object ‘std::array<unsigned char, 4>::_M_elems’ of size 4
/usr/include/c++/13/array:109:55: note: at offset 6 into destination object ‘std::array<unsigned char, 4>::_M_elems’ of size 4
In function ‘constexpr std::__conditional_t<_IsMove, std::ranges::in_out_result<_Iter, _Out>, std::ranges::in_out_result<_Iter, _Out> > std::ranges::__copy_or_move(_Iter, _Sent, _Out) [with bool _IsMove = false; _Iter = const char*; _Sent = const char*; _Out = unsigned char*]’,
    inlined from ‘constexpr std::ranges::copy_result<_Iter, _Out> std::ranges::__copy_fn::operator()(_Iter, _Sent, _Out) const [with _Iter = const char*; _Sent = const char*; _Out = unsigned char*]’ at /usr/include/c++/13/bits/ranges_algobase.h:303:38,
    inlined from ‘constexpr std::ranges::copy_result<std::ranges::borrowed_iterator_t<_Range>, _Out> std::ranges::__copy_fn::operator()(_Range&&, _Out) const [with _Range = std::basic_string_view<char>; _Out = unsigned char*]’ at /usr/include/c++/13/bits/ranges_algobase.h:313:16,
    inlined from ‘T ByteReader::ReadLabel() [with T = Label<CargoLabelTag>]’ at /home/flax/games/openspacettd/src/newgrf/newgrf_bytereader.h:106:20,
    inlined from ‘ChangeInfoResult LoadTranslationTable(uint, uint, ByteReader&, TGetTableFunc, std::string_view) [with T = Label<CargoLabelTag>; TGetTableFunc = GlobalVarChangeInfo(uint, uint, int, ByteReader&)::<lambda(GRFFile&)>]’ at /home/flax/games/openspacettd/src/newgrf/newgrf_act0_globalvar.cpp:56:47,
    inlined from ‘ChangeInfoResult GlobalVarChangeInfo(uint, uint, int, ByteReader&)’ at /home/flax/games/openspacettd/src/newgrf/newgrf_act0_globalvar.cpp:115:43:
/usr/include/c++/13/bits/ranges_algobase.h:274:27: warning: writing 1 byte into a region of size 0 [-Wstringop-overflow=]
  274 |                 *__result = *__first;
      |                 ~~~~~~~~~~^~~~~~~~~~
/usr/include/c++/13/array: In function ‘ChangeInfoResult GlobalVarChangeInfo(uint, uint, int, ByteReader&)’:
/usr/include/c++/13/array:109:55: note: at offset [20, 9223372036854775796] into destination object ‘std::array<unsigned char, 4>::_M_elems’ of size 4
  109 |       typename __array_traits<_Tp, _Nm>::_Type        _M_elems;
      |                                                       ^~~~~~~~
/usr/include/c++/13/array:109:55: note: at offset 4 into destination object ‘std::array<unsigned char, 4>::_M_elems’ of size 4
/usr/include/c++/13/array:109:55: note: at offset [20, 9223372036854775796] into destination object ‘std::array<unsigned char, 4>::_M_elems’ of size 4
/usr/include/c++/13/array:109:55: note: at offset 4 into destination object ‘std::array<unsigned char, 4>::_M_elems’ of size 4
In function ‘constexpr std::__conditional_t<_IsMove, std::ranges::in_out_result<_Iter, _Out>, std::ranges::in_out_result<_Iter, _Out> > std::ranges::__copy_or_move(_Iter, _Sent, _Out) [with bool _IsMove = false; _Iter = const char*; _Sent = const char*; _Out = unsigned char*]’,
    inlined from ‘constexpr std::ranges::copy_result<_Iter, _Out> std::ranges::__copy_fn::operator()(_Iter, _Sent, _Out) const [with _Iter = const char*; _Sent = const char*; _Out = unsigned char*]’ at /usr/include/c++/13/bits/ranges_algobase.h:303:38,
    inlined from ‘constexpr std::ranges::copy_result<std::ranges::borrowed_iterator_t<_Range>, _Out> std::ranges::__copy_fn::operator()(_Range&&, _Out) const [with _Range = std::basic_string_view<char>; _Out = unsigned char*]’ at /usr/include/c++/13/bits/ranges_algobase.h:313:16,
    inlined from ‘T ByteReader::ReadLabel() [with T = Label<CargoLabelTag>]’ at /home/flax/games/openspacettd/src/newgrf/newgrf_bytereader.h:106:20,
    inlined from ‘ChangeInfoResult LoadTranslationTable(uint, uint, ByteReader&, TGetTableFunc, std::string_view) [with T = Label<CargoLabelTag>; TGetTableFunc = GlobalVarChangeInfo(uint, uint, int, ByteReader&)::<lambda(GRFFile&)>]’ at /home/flax/games/openspacettd/src/newgrf/newgrf_act0_globalvar.cpp:56:47,
    inlined from ‘ChangeInfoResult GlobalVarChangeInfo(uint, uint, int, ByteReader&)’ at /home/flax/games/openspacettd/src/newgrf/newgrf_act0_globalvar.cpp:115:43:
/usr/include/c++/13/bits/ranges_algobase.h:274:27: warning: writing 1 byte into a region of size 0 [-Wstringop-overflow=]
  274 |                 *__result = *__first;
      |                 ~~~~~~~~~~^~~~~~~~~~
/usr/include/c++/13/array: In function ‘ChangeInfoResult GlobalVarChangeInfo(uint, uint, int, ByteReader&)’:
/usr/include/c++/13/array:109:55: note: at offset [21, 9223372036854775797] into destination object ‘std::array<unsigned char, 4>::_M_elems’ of size 4
  109 |       typename __array_traits<_Tp, _Nm>::_Type        _M_elems;
      |                                                       ^~~~~~~~
/usr/include/c++/13/array:109:55: note: at offset 5 into destination object ‘std::array<unsigned char, 4>::_M_elems’ of size 4
/usr/include/c++/13/array:109:55: note: at offset [21, 9223372036854775797] into destination object ‘std::array<unsigned char, 4>::_M_elems’ of size 4
/usr/include/c++/13/array:109:55: note: at offset 5 into destination object ‘std::array<unsigned char, 4>::_M_elems’ of size 4
In function ‘constexpr std::__conditional_t<_IsMove, std::ranges::in_out_result<_Iter, _Out>, std::ranges::in_out_result<_Iter, _Out> > std::ranges::__copy_or_move(_Iter, _Sent, _Out) [with bool _IsMove = false; _Iter = const char*; _Sent = const char*; _Out = unsigned char*]’,
    inlined from ‘constexpr std::ranges::copy_result<_Iter, _Out> std::ranges::__copy_fn::operator()(_Iter, _Sent, _Out) const [with _Iter = const char*; _Sent = const char*; _Out = unsigned char*]’ at /usr/include/c++/13/bits/ranges_algobase.h:303:38,
    inlined from ‘constexpr std::ranges::copy_result<std::ranges::borrowed_iterator_t<_Range>, _Out> std::ranges::__copy_fn::operator()(_Range&&, _Out) const [with _Range = std::basic_string_view<char>; _Out = unsigned char*]’ at /usr/include/c++/13/bits/ranges_algobase.h:313:16,
    inlined from ‘T ByteReader::ReadLabel() [with T = Label<CargoLabelTag>]’ at /home/flax/games/openspacettd/src/newgrf/newgrf_bytereader.h:106:20,
    inlined from ‘ChangeInfoResult LoadTranslationTable(uint, uint, ByteReader&, TGetTableFunc, std::string_view) [with T = Label<CargoLabelTag>; TGetTableFunc = GlobalVarChangeInfo(uint, uint, int, ByteReader&)::<lambda(GRFFile&)>]’ at /home/flax/games/openspacettd/src/newgrf/newgrf_act0_globalvar.cpp:56:47,
    inlined from ‘ChangeInfoResult GlobalVarChangeInfo(uint, uint, int, ByteReader&)’ at /home/flax/games/openspacettd/src/newgrf/newgrf_act0_globalvar.cpp:115:43:
/usr/include/c++/13/bits/ranges_algobase.h:274:27: warning: writing 1 byte into a region of size 0 [-Wstringop-overflow=]
  274 |                 *__result = *__first;
      |                 ~~~~~~~~~~^~~~~~~~~~
/usr/include/c++/13/array: In function ‘ChangeInfoResult GlobalVarChangeInfo(uint, uint, int, ByteReader&)’:
/usr/include/c++/13/array:109:55: note: at offset [22, 9223372036854775798] into destination object ‘std::array<unsigned char, 4>::_M_elems’ of size 4
  109 |       typename __array_traits<_Tp, _Nm>::_Type        _M_elems;
      |                                                       ^~~~~~~~
/usr/include/c++/13/array:109:55: note: at offset 6 into destination object ‘std::array<unsigned char, 4>::_M_elems’ of size 4
/usr/include/c++/13/array:109:55: note: at offset [22, 9223372036854775798] into destination object ‘std::array<unsigned char, 4>::_M_elems’ of size 4
/usr/include/c++/13/array:109:55: note: at offset 6 into destination object ‘std::array<unsigned char, 4>::_M_elems’ of size 4
[141/480] Building CXX object CMakeFiles/openttd_lib.dir/src/newgrf/newgrf_act0_objects.cpp.o
In file included from /usr/include/c++/13/bits/ranges_algo.h:38,
                 from /usr/include/c++/13/algorithm:63,
                 from /home/flax/games/openspacettd/src/stdafx.h:43,
                 from /home/flax/games/openspacettd/build/CMakeFiles/openttd_lib.dir/cmake_pch.hxx:5,
                 from <command-line>:
In function ‘constexpr std::__conditional_t<_IsMove, std::ranges::in_out_result<_Iter, _Out>, std::ranges::in_out_result<_Iter, _Out> > std::ranges::__copy_or_move(_Iter, _Sent, _Out) [with bool _IsMove = false; _Iter = const char*; _Sent = const char*; _Out = unsigned char*]’,
    inlined from ‘constexpr std::ranges::copy_result<_Iter, _Out> std::ranges::__copy_fn::operator()(_Iter, _Sent, _Out) const [with _Iter = const char*; _Sent = const char*; _Out = unsigned char*]’ at /usr/include/c++/13/bits/ranges_algobase.h:303:38,
    inlined from ‘constexpr std::ranges::copy_result<std::ranges::borrowed_iterator_t<_Range>, _Out> std::ranges::__copy_fn::operator()(_Range&&, _Out) const [with _Range = std::basic_string_view<char>; _Out = unsigned char*]’ at /usr/include/c++/13/bits/ranges_algobase.h:313:16,
    inlined from ‘T ByteReader::ReadLabel() [with T = Label<NewGRFClass<ObjectSpec, PoolID<short unsigned int, ObjectClassIDTag, 65535, 65535> > >]’ at /home/flax/games/openspacettd/src/newgrf/newgrf_bytereader.h:106:20,
    inlined from ‘ChangeInfoResult ObjectChangeInfo(uint, uint, int, ByteReader&)’ at /home/flax/games/openspacettd/src/newgrf/newgrf_act0_objects.cpp:107:46:
/usr/include/c++/13/bits/ranges_algobase.h:274:27: warning: writing 1 byte into a region of size 0 [-Wstringop-overflow=]
  274 |                 *__result = *__first;
      |                 ~~~~~~~~~~^~~~~~~~~~
In file included from /home/flax/games/openspacettd/src/stdafx.h:44:
/usr/include/c++/13/array: In function ‘ChangeInfoResult ObjectChangeInfo(uint, uint, int, ByteReader&)’:
/usr/include/c++/13/array:109:55: note: at offset [20, 9223372036854775796] into destination object ‘std::array<unsigned char, 4>::_M_elems’ of size 4
  109 |       typename __array_traits<_Tp, _Nm>::_Type        _M_elems;
      |                                                       ^~~~~~~~
/usr/include/c++/13/array:109:55: note: at offset 4 into destination object ‘std::array<unsigned char, 4>::_M_elems’ of size 4
/usr/include/c++/13/array:109:55: note: at offset [20, 9223372036854775796] into destination object ‘std::array<unsigned char, 4>::_M_elems’ of size 4
/usr/include/c++/13/array:109:55: note: at offset 4 into destination object ‘std::array<unsigned char, 4>::_M_elems’ of size 4
/usr/include/c++/13/array:109:55: note: at offset 4 into destination object ‘std::array<unsigned char, 4>::_M_elems’ of size 4
In function ‘constexpr std::__conditional_t<_IsMove, std::ranges::in_out_result<_Iter, _Out>, std::ranges::in_out_result<_Iter, _Out> > std::ranges::__copy_or_move(_Iter, _Sent, _Out) [with bool _IsMove = false; _Iter = const char*; _Sent = const char*; _Out = unsigned char*]’,
    inlined from ‘constexpr std::ranges::copy_result<_Iter, _Out> std::ranges::__copy_fn::operator()(_Iter, _Sent, _Out) const [with _Iter = const char*; _Sent = const char*; _Out = unsigned char*]’ at /usr/include/c++/13/bits/ranges_algobase.h:303:38,
    inlined from ‘constexpr std::ranges::copy_result<std::ranges::borrowed_iterator_t<_Range>, _Out> std::ranges::__copy_fn::operator()(_Range&&, _Out) const [with _Range = std::basic_string_view<char>; _Out = unsigned char*]’ at /usr/include/c++/13/bits/ranges_algobase.h:313:16,
    inlined from ‘T ByteReader::ReadLabel() [with T = Label<NewGRFClass<ObjectSpec, PoolID<short unsigned int, ObjectClassIDTag, 65535, 65535> > >]’ at /home/flax/games/openspacettd/src/newgrf/newgrf_bytereader.h:106:20,
    inlined from ‘ChangeInfoResult ObjectChangeInfo(uint, uint, int, ByteReader&)’ at /home/flax/games/openspacettd/src/newgrf/newgrf_act0_objects.cpp:107:46:
/usr/include/c++/13/bits/ranges_algobase.h:274:27: warning: writing 1 byte into a region of size 0 [-Wstringop-overflow=]
  274 |                 *__result = *__first;
      |                 ~~~~~~~~~~^~~~~~~~~~
/usr/include/c++/13/array: In function ‘ChangeInfoResult ObjectChangeInfo(uint, uint, int, ByteReader&)’:
/usr/include/c++/13/array:109:55: note: at offset [21, 9223372036854775797] into destination object ‘std::array<unsigned char, 4>::_M_elems’ of size 4
  109 |       typename __array_traits<_Tp, _Nm>::_Type        _M_elems;
      |                                                       ^~~~~~~~
/usr/include/c++/13/array:109:55: note: at offset 5 into destination object ‘std::array<unsigned char, 4>::_M_elems’ of size 4
/usr/include/c++/13/array:109:55: note: at offset [21, 9223372036854775797] into destination object ‘std::array<unsigned char, 4>::_M_elems’ of size 4
/usr/include/c++/13/array:109:55: note: at offset 5 into destination object ‘std::array<unsigned char, 4>::_M_elems’ of size 4
/usr/include/c++/13/array:109:55: note: at offset 5 into destination object ‘std::array<unsigned char, 4>::_M_elems’ of size 4
In function ‘constexpr std::__conditional_t<_IsMove, std::ranges::in_out_result<_Iter, _Out>, std::ranges::in_out_result<_Iter, _Out> > std::ranges::__copy_or_move(_Iter, _Sent, _Out) [with bool _IsMove = false; _Iter = const char*; _Sent = const char*; _Out = unsigned char*]’,
    inlined from ‘constexpr std::ranges::copy_result<_Iter, _Out> std::ranges::__copy_fn::operator()(_Iter, _Sent, _Out) const [with _Iter = const char*; _Sent = const char*; _Out = unsigned char*]’ at /usr/include/c++/13/bits/ranges_algobase.h:303:38,
    inlined from ‘constexpr std::ranges::copy_result<std::ranges::borrowed_iterator_t<_Range>, _Out> std::ranges::__copy_fn::operator()(_Range&&, _Out) const [with _Range = std::basic_string_view<char>; _Out = unsigned char*]’ at /usr/include/c++/13/bits/ranges_algobase.h:313:16,
    inlined from ‘T ByteReader::ReadLabel() [with T = Label<NewGRFClass<ObjectSpec, PoolID<short unsigned int, ObjectClassIDTag, 65535, 65535> > >]’ at /home/flax/games/openspacettd/src/newgrf/newgrf_bytereader.h:106:20,
    inlined from ‘ChangeInfoResult ObjectChangeInfo(uint, uint, int, ByteReader&)’ at /home/flax/games/openspacettd/src/newgrf/newgrf_act0_objects.cpp:107:46:
/usr/include/c++/13/bits/ranges_algobase.h:274:27: warning: writing 1 byte into a region of size 0 [-Wstringop-overflow=]
  274 |                 *__result = *__first;
      |                 ~~~~~~~~~~^~~~~~~~~~
/usr/include/c++/13/array: In function ‘ChangeInfoResult ObjectChangeInfo(uint, uint, int, ByteReader&)’:
/usr/include/c++/13/array:109:55: note: at offset [22, 9223372036854775798] into destination object ‘std::array<unsigned char, 4>::_M_elems’ of size 4
  109 |       typename __array_traits<_Tp, _Nm>::_Type        _M_elems;
      |                                                       ^~~~~~~~
/usr/include/c++/13/array:109:55: note: at offset 6 into destination object ‘std::array<unsigned char, 4>::_M_elems’ of size 4
/usr/include/c++/13/array:109:55: note: at offset [22, 9223372036854775798] into destination object ‘std::array<unsigned char, 4>::_M_elems’ of size 4
/usr/include/c++/13/array:109:55: note: at offset 6 into destination object ‘std::array<unsigned char, 4>::_M_elems’ of size 4
/usr/include/c++/13/array:109:55: note: at offset 6 into destination object ‘std::array<unsigned char, 4>::_M_elems’ of size 4
[142/480] Building CXX object CMakeFiles/openttd_lib.dir/src/newgrf/newgrf_act0_industries.cpp.o
[143/480] Building CXX object CMakeFiles/openttd_lib.dir/src/newgrf/newgrf_act0_railtypes.cpp.o
In file included from /usr/include/c++/13/bits/ranges_algo.h:38,
                 from /usr/include/c++/13/algorithm:63,
                 from /home/flax/games/openspacettd/src/stdafx.h:43,
                 from /home/flax/games/openspacettd/build/CMakeFiles/openttd_lib.dir/cmake_pch.hxx:5,
                 from <command-line>:
In function ‘constexpr std::__conditional_t<_IsMove, std::ranges::in_out_result<_Iter, _Out>, std::ranges::in_out_result<_Iter, _Out> > std::ranges::__copy_or_move(_Iter, _Sent, _Out) [with bool _IsMove = false; _Iter = const char*; _Sent = const char*; _Out = unsigned char*]’,
    inlined from ‘constexpr std::ranges::copy_result<_Iter, _Out> std::ranges::__copy_fn::operator()(_Iter, _Sent, _Out) const [with _Iter = const char*; _Sent = const char*; _Out = unsigned char*]’ at /usr/include/c++/13/bits/ranges_algobase.h:303:38,
    inlined from ‘constexpr std::ranges::copy_result<std::ranges::borrowed_iterator_t<_Range>, _Out> std::ranges::__copy_fn::operator()(_Range&&, _Out) const [with _Range = std::basic_string_view<char>; _Out = unsigned char*]’ at /usr/include/c++/13/bits/ranges_algobase.h:313:16,
    inlined from ‘T ByteReader::ReadLabel() [with T = Label<RailTypeLabelTag>]’ at /home/flax/games/openspacettd/src/newgrf/newgrf_bytereader.h:106:20,
    inlined from ‘ChangeInfoResult RailTypeChangeInfo(uint, uint, int, ByteReader&)’ at /home/flax/games/openspacettd/src/newgrf/newgrf_act0_railtypes.cpp:86:47,
    inlined from ‘static ChangeInfoResult GrfChangeInfoHandler<TFeature>::Activation(uint, uint, int, ByteReader&) [with GrfSpecFeature TFeature = GrfSpecFeature::RailTypes]’ at /home/flax/games/openspacettd/src/newgrf/newgrf_act0_railtypes.cpp:247:167:
/usr/include/c++/13/bits/ranges_algobase.h:274:27: warning: writing 1 byte into a region of size 0 [-Wstringop-overflow=]
  274 |                 *__result = *__first;
      |                 ~~~~~~~~~~^~~~~~~~~~
In file included from /home/flax/games/openspacettd/src/stdafx.h:44:
/usr/include/c++/13/array: In static member function ‘static ChangeInfoResult GrfChangeInfoHandler<TFeature>::Activation(uint, uint, int, ByteReader&) [with GrfSpecFeature TFeature = GrfSpecFeature::RailTypes]’:
/usr/include/c++/13/array:109:55: note: at offset [20, 9223372036854775796] into destination object ‘std::array<unsigned char, 4>::_M_elems’ of size 4
  109 |       typename __array_traits<_Tp, _Nm>::_Type        _M_elems;
      |                                                       ^~~~~~~~
/usr/include/c++/13/array:109:55: note: at offset 4 into destination object ‘std::array<unsigned char, 4>::_M_elems’ of size 4
/usr/include/c++/13/array:109:55: note: at offset 4 into destination object ‘std::array<unsigned char, 4>::_M_elems’ of size 4
/usr/include/c++/13/array:109:55: note: at offset [20, 9223372036854775796] into destination object ‘std::array<unsigned char, 4>::_M_elems’ of size 4
/usr/include/c++/13/array:109:55: note: at offset 4 into destination object ‘std::array<unsigned char, 4>::_M_elems’ of size 4
/usr/include/c++/13/array:109:55: note: at offset 4 into destination object ‘std::array<unsigned char, 4>::_M_elems’ of size 4
In function ‘constexpr std::__conditional_t<_IsMove, std::ranges::in_out_result<_Iter, _Out>, std::ranges::in_out_result<_Iter, _Out> > std::ranges::__copy_or_move(_Iter, _Sent, _Out) [with bool _IsMove = false; _Iter = const char*; _Sent = const char*; _Out = unsigned char*]’,
    inlined from ‘constexpr std::ranges::copy_result<_Iter, _Out> std::ranges::__copy_fn::operator()(_Iter, _Sent, _Out) const [with _Iter = const char*; _Sent = const char*; _Out = unsigned char*]’ at /usr/include/c++/13/bits/ranges_algobase.h:303:38,
    inlined from ‘constexpr std::ranges::copy_result<std::ranges::borrowed_iterator_t<_Range>, _Out> std::ranges::__copy_fn::operator()(_Range&&, _Out) const [with _Range = std::basic_string_view<char>; _Out = unsigned char*]’ at /usr/include/c++/13/bits/ranges_algobase.h:313:16,
    inlined from ‘T ByteReader::ReadLabel() [with T = Label<RailTypeLabelTag>]’ at /home/flax/games/openspacettd/src/newgrf/newgrf_bytereader.h:106:20,
    inlined from ‘ChangeInfoResult RailTypeChangeInfo(uint, uint, int, ByteReader&)’ at /home/flax/games/openspacettd/src/newgrf/newgrf_act0_railtypes.cpp:86:47,
    inlined from ‘static ChangeInfoResult GrfChangeInfoHandler<TFeature>::Activation(uint, uint, int, ByteReader&) [with GrfSpecFeature TFeature = GrfSpecFeature::RailTypes]’ at /home/flax/games/openspacettd/src/newgrf/newgrf_act0_railtypes.cpp:247:167:
/usr/include/c++/13/bits/ranges_algobase.h:274:27: warning: writing 1 byte into a region of size 0 [-Wstringop-overflow=]
  274 |                 *__result = *__first;
      |                 ~~~~~~~~~~^~~~~~~~~~
/usr/include/c++/13/array: In static member function ‘static ChangeInfoResult GrfChangeInfoHandler<TFeature>::Activation(uint, uint, int, ByteReader&) [with GrfSpecFeature TFeature = GrfSpecFeature::RailTypes]’:
/usr/include/c++/13/array:109:55: note: at offset [21, 9223372036854775797] into destination object ‘std::array<unsigned char, 4>::_M_elems’ of size 4
  109 |       typename __array_traits<_Tp, _Nm>::_Type        _M_elems;
      |                                                       ^~~~~~~~
/usr/include/c++/13/array:109:55: note: at offset 5 into destination object ‘std::array<unsigned char, 4>::_M_elems’ of size 4
/usr/include/c++/13/array:109:55: note: at offset 5 into destination object ‘std::array<unsigned char, 4>::_M_elems’ of size 4
/usr/include/c++/13/array:109:55: note: at offset [21, 9223372036854775797] into destination object ‘std::array<unsigned char, 4>::_M_elems’ of size 4
/usr/include/c++/13/array:109:55: note: at offset 5 into destination object ‘std::array<unsigned char, 4>::_M_elems’ of size 4
/usr/include/c++/13/array:109:55: note: at offset 5 into destination object ‘std::array<unsigned char, 4>::_M_elems’ of size 4
In function ‘constexpr std::__conditional_t<_IsMove, std::ranges::in_out_result<_Iter, _Out>, std::ranges::in_out_result<_Iter, _Out> > std::ranges::__copy_or_move(_Iter, _Sent, _Out) [with bool _IsMove = false; _Iter = const char*; _Sent = const char*; _Out = unsigned char*]’,
    inlined from ‘constexpr std::ranges::copy_result<_Iter, _Out> std::ranges::__copy_fn::operator()(_Iter, _Sent, _Out) const [with _Iter = const char*; _Sent = const char*; _Out = unsigned char*]’ at /usr/include/c++/13/bits/ranges_algobase.h:303:38,
    inlined from ‘constexpr std::ranges::copy_result<std::ranges::borrowed_iterator_t<_Range>, _Out> std::ranges::__copy_fn::operator()(_Range&&, _Out) const [with _Range = std::basic_string_view<char>; _Out = unsigned char*]’ at /usr/include/c++/13/bits/ranges_algobase.h:313:16,
    inlined from ‘T ByteReader::ReadLabel() [with T = Label<RailTypeLabelTag>]’ at /home/flax/games/openspacettd/src/newgrf/newgrf_bytereader.h:106:20,
    inlined from ‘ChangeInfoResult RailTypeChangeInfo(uint, uint, int, ByteReader&)’ at /home/flax/games/openspacettd/src/newgrf/newgrf_act0_railtypes.cpp:86:47,
    inlined from ‘static ChangeInfoResult GrfChangeInfoHandler<TFeature>::Activation(uint, uint, int, ByteReader&) [with GrfSpecFeature TFeature = GrfSpecFeature::RailTypes]’ at /home/flax/games/openspacettd/src/newgrf/newgrf_act0_railtypes.cpp:247:167:
/usr/include/c++/13/bits/ranges_algobase.h:274:27: warning: writing 1 byte into a region of size 0 [-Wstringop-overflow=]
  274 |                 *__result = *__first;
      |                 ~~~~~~~~~~^~~~~~~~~~
/usr/include/c++/13/array: In static member function ‘static ChangeInfoResult GrfChangeInfoHandler<TFeature>::Activation(uint, uint, int, ByteReader&) [with GrfSpecFeature TFeature = GrfSpecFeature::RailTypes]’:
/usr/include/c++/13/array:109:55: note: at offset [22, 9223372036854775798] into destination object ‘std::array<unsigned char, 4>::_M_elems’ of size 4
  109 |       typename __array_traits<_Tp, _Nm>::_Type        _M_elems;
      |                                                       ^~~~~~~~
/usr/include/c++/13/array:109:55: note: at offset 6 into destination object ‘std::array<unsigned char, 4>::_M_elems’ of size 4
/usr/include/c++/13/array:109:55: note: at offset 6 into destination object ‘std::array<unsigned char, 4>::_M_elems’ of size 4
/usr/include/c++/13/array:109:55: note: at offset [22, 9223372036854775798] into destination object ‘std::array<unsigned char, 4>::_M_elems’ of size 4
/usr/include/c++/13/array:109:55: note: at offset 6 into destination object ‘std::array<unsigned char, 4>::_M_elems’ of size 4
/usr/include/c++/13/array:109:55: note: at offset 6 into destination object ‘std::array<unsigned char, 4>::_M_elems’ of size 4
In function ‘constexpr std::__conditional_t<_IsMove, std::ranges::in_out_result<_Iter, _Out>, std::ranges::in_out_result<_Iter, _Out> > std::ranges::__copy_or_move(_Iter, _Sent, _Out) [with bool _IsMove = false; _Iter = const char*; _Sent = const char*; _Out = unsigned char*]’,
    inlined from ‘constexpr std::ranges::copy_result<_Iter, _Out> std::ranges::__copy_fn::operator()(_Iter, _Sent, _Out) const [with _Iter = const char*; _Sent = const char*; _Out = unsigned char*]’ at /usr/include/c++/13/bits/ranges_algobase.h:303:38,
    inlined from ‘constexpr std::ranges::copy_result<std::ranges::borrowed_iterator_t<_Range>, _Out> std::ranges::__copy_fn::operator()(_Range&&, _Out) const [with _Range = std::basic_string_view<char>; _Out = unsigned char*]’ at /usr/include/c++/13/bits/ranges_algobase.h:313:16,
    inlined from ‘T ByteReader::ReadLabel() [with T = Label<RailTypeLabelTag>]’ at /home/flax/games/openspacettd/src/newgrf/newgrf_bytereader.h:106:20,
    inlined from ‘ChangeInfoResult RailTypeReserveInfo(uint, uint, int, ByteReader&)’ at /home/flax/games/openspacettd/src/newgrf/newgrf_act0_railtypes.cpp:204:84,
    inlined from ‘static ChangeInfoResult GrfChangeInfoHandler<TFeature>::Reserve(uint, uint, int, ByteReader&) [with GrfSpecFeature TFeature = GrfSpecFeature::RailTypes]’ at /home/flax/games/openspacettd/src/newgrf/newgrf_act0_railtypes.cpp:245:165:
/usr/include/c++/13/bits/ranges_algobase.h:274:27: warning: writing 1 byte into a region of size 0 [-Wstringop-overflow=]
  274 |                 *__result = *__first;
      |                 ~~~~~~~~~~^~~~~~~~~~
/usr/include/c++/13/array: In static member function ‘static ChangeInfoResult GrfChangeInfoHandler<TFeature>::Reserve(uint, uint, int, ByteReader&) [with GrfSpecFeature TFeature = GrfSpecFeature::RailTypes]’:
/usr/include/c++/13/array:109:55: note: at offset [20, 9223372036854775796] into destination object ‘std::array<unsigned char, 4>::_M_elems’ of size 4
  109 |       typename __array_traits<_Tp, _Nm>::_Type        _M_elems;
      |                                                       ^~~~~~~~
/usr/include/c++/13/array:109:55: note: at offset 4 into destination object ‘std::array<unsigned char, 4>::_M_elems’ of size 4
/usr/include/c++/13/array:109:55: note: at offset 4 into destination object ‘std::array<unsigned char, 4>::_M_elems’ of size 4
/usr/include/c++/13/array:109:55: note: at offset [20, 9223372036854775796] into destination object ‘std::array<unsigned char, 4>::_M_elems’ of size 4
/usr/include/c++/13/array:109:55: note: at offset 4 into destination object ‘std::array<unsigned char, 4>::_M_elems’ of size 4
/usr/include/c++/13/array:109:55: note: at offset 4 into destination object ‘std::array<unsigned char, 4>::_M_elems’ of size 4
In function ‘constexpr std::__conditional_t<_IsMove, std::ranges::in_out_result<_Iter, _Out>, std::ranges::in_out_result<_Iter, _Out> > std::ranges::__copy_or_move(_Iter, _Sent, _Out) [with bool _IsMove = false; _Iter = const char*; _Sent = const char*; _Out = unsigned char*]’,
    inlined from ‘constexpr std::ranges::copy_result<_Iter, _Out> std::ranges::__copy_fn::operator()(_Iter, _Sent, _Out) const [with _Iter = const char*; _Sent = const char*; _Out = unsigned char*]’ at /usr/include/c++/13/bits/ranges_algobase.h:303:38,
    inlined from ‘constexpr std::ranges::copy_result<std::ranges::borrowed_iterator_t<_Range>, _Out> std::ranges::__copy_fn::operator()(_Range&&, _Out) const [with _Range = std::basic_string_view<char>; _Out = unsigned char*]’ at /usr/include/c++/13/bits/ranges_algobase.h:313:16,
    inlined from ‘T ByteReader::ReadLabel() [with T = Label<RailTypeLabelTag>]’ at /home/flax/games/openspacettd/src/newgrf/newgrf_bytereader.h:106:20,
    inlined from ‘ChangeInfoResult RailTypeReserveInfo(uint, uint, int, ByteReader&)’ at /home/flax/games/openspacettd/src/newgrf/newgrf_act0_railtypes.cpp:204:84,
    inlined from ‘static ChangeInfoResult GrfChangeInfoHandler<TFeature>::Reserve(uint, uint, int, ByteReader&) [with GrfSpecFeature TFeature = GrfSpecFeature::RailTypes]’ at /home/flax/games/openspacettd/src/newgrf/newgrf_act0_railtypes.cpp:245:165:
/usr/include/c++/13/bits/ranges_algobase.h:274:27: warning: writing 1 byte into a region of size 0 [-Wstringop-overflow=]
  274 |                 *__result = *__first;
      |                 ~~~~~~~~~~^~~~~~~~~~
/usr/include/c++/13/array: In static member function ‘static ChangeInfoResult GrfChangeInfoHandler<TFeature>::Reserve(uint, uint, int, ByteReader&) [with GrfSpecFeature TFeature = GrfSpecFeature::RailTypes]’:
/usr/include/c++/13/array:109:55: note: at offset [21, 9223372036854775797] into destination object ‘std::array<unsigned char, 4>::_M_elems’ of size 4
  109 |       typename __array_traits<_Tp, _Nm>::_Type        _M_elems;
      |                                                       ^~~~~~~~
/usr/include/c++/13/array:109:55: note: at offset 5 into destination object ‘std::array<unsigned char, 4>::_M_elems’ of size 4
/usr/include/c++/13/array:109:55: note: at offset 5 into destination object ‘std::array<unsigned char, 4>::_M_elems’ of size 4
/usr/include/c++/13/array:109:55: note: at offset [21, 9223372036854775797] into destination object ‘std::array<unsigned char, 4>::_M_elems’ of size 4
/usr/include/c++/13/array:109:55: note: at offset 5 into destination object ‘std::array<unsigned char, 4>::_M_elems’ of size 4
/usr/include/c++/13/array:109:55: note: at offset 5 into destination object ‘std::array<unsigned char, 4>::_M_elems’ of size 4
In function ‘constexpr std::__conditional_t<_IsMove, std::ranges::in_out_result<_Iter, _Out>, std::ranges::in_out_result<_Iter, _Out> > std::ranges::__copy_or_move(_Iter, _Sent, _Out) [with bool _IsMove = false; _Iter = const char*; _Sent = const char*; _Out = unsigned char*]’,
    inlined from ‘constexpr std::ranges::copy_result<_Iter, _Out> std::ranges::__copy_fn::operator()(_Iter, _Sent, _Out) const [with _Iter = const char*; _Sent = const char*; _Out = unsigned char*]’ at /usr/include/c++/13/bits/ranges_algobase.h:303:38,
    inlined from ‘constexpr std::ranges::copy_result<std::ranges::borrowed_iterator_t<_Range>, _Out> std::ranges::__copy_fn::operator()(_Range&&, _Out) const [with _Range = std::basic_string_view<char>; _Out = unsigned char*]’ at /usr/include/c++/13/bits/ranges_algobase.h:313:16,
    inlined from ‘T ByteReader::ReadLabel() [with T = Label<RailTypeLabelTag>]’ at /home/flax/games/openspacettd/src/newgrf/newgrf_bytereader.h:106:20,
    inlined from ‘ChangeInfoResult RailTypeReserveInfo(uint, uint, int, ByteReader&)’ at /home/flax/games/openspacettd/src/newgrf/newgrf_act0_railtypes.cpp:204:84,
    inlined from ‘static ChangeInfoResult GrfChangeInfoHandler<TFeature>::Reserve(uint, uint, int, ByteReader&) [with GrfSpecFeature TFeature = GrfSpecFeature::RailTypes]’ at /home/flax/games/openspacettd/src/newgrf/newgrf_act0_railtypes.cpp:245:165:
/usr/include/c++/13/bits/ranges_algobase.h:274:27: warning: writing 1 byte into a region of size 0 [-Wstringop-overflow=]
  274 |                 *__result = *__first;
      |                 ~~~~~~~~~~^~~~~~~~~~
/usr/include/c++/13/array: In static member function ‘static ChangeInfoResult GrfChangeInfoHandler<TFeature>::Reserve(uint, uint, int, ByteReader&) [with GrfSpecFeature TFeature = GrfSpecFeature::RailTypes]’:
/usr/include/c++/13/array:109:55: note: at offset [22, 9223372036854775798] into destination object ‘std::array<unsigned char, 4>::_M_elems’ of size 4
  109 |       typename __array_traits<_Tp, _Nm>::_Type        _M_elems;
      |                                                       ^~~~~~~~
/usr/include/c++/13/array:109:55: note: at offset 6 into destination object ‘std::array<unsigned char, 4>::_M_elems’ of size 4
/usr/include/c++/13/array:109:55: note: at offset 6 into destination object ‘std::array<unsigned char, 4>::_M_elems’ of size 4
/usr/include/c++/13/array:109:55: note: at offset [22, 9223372036854775798] into destination object ‘std::array<unsigned char, 4>::_M_elems’ of size 4
/usr/include/c++/13/array:109:55: note: at offset 6 into destination object ‘std::array<unsigned char, 4>::_M_elems’ of size 4
/usr/include/c++/13/array:109:55: note: at offset 6 into destination object ‘std::array<unsigned char, 4>::_M_elems’ of size 4
In function ‘constexpr std::__conditional_t<_IsMove, std::ranges::in_out_result<_Iter, _Out>, std::ranges::in_out_result<_Iter, _Out> > std::ranges::__copy_or_move(_Iter, _Sent, _Out) [with bool _IsMove = false; _Iter = const char*; _Sent = const char*; _Out = unsigned char*]’,
    inlined from ‘constexpr std::ranges::copy_result<_Iter, _Out> std::ranges::__copy_fn::operator()(_Iter, _Sent, _Out) const [with _Iter = const char*; _Sent = const char*; _Out = unsigned char*]’ at /usr/include/c++/13/bits/ranges_algobase.h:303:38,
    inlined from ‘constexpr std::ranges::copy_result<std::ranges::borrowed_iterator_t<_Range>, _Out> std::ranges::__copy_fn::operator()(_Range&&, _Out) const [with _Range = std::basic_string_view<char>; _Out = unsigned char*]’ at /usr/include/c++/13/bits/ranges_algobase.h:313:16,
    inlined from ‘T ByteReader::ReadLabel() [with T = Label<RailTypeLabelTag>]’ at /home/flax/games/openspacettd/src/newgrf/newgrf_bytereader.h:106:20,
    inlined from ‘ChangeInfoResult RailTypeReserveInfo(uint, uint, int, ByteReader&)’ at /home/flax/games/openspacettd/src/newgrf/newgrf_act0_railtypes.cpp:177:53,
    inlined from ‘static ChangeInfoResult GrfChangeInfoHandler<TFeature>::Reserve(uint, uint, int, ByteReader&) [with GrfSpecFeature TFeature = GrfSpecFeature::RailTypes]’ at /home/flax/games/openspacettd/src/newgrf/newgrf_act0_railtypes.cpp:245:165:
/usr/include/c++/13/bits/ranges_algobase.h:274:27: warning: writing 1 byte into a region of size 0 [-Wstringop-overflow=]
  274 |                 *__result = *__first;
      |                 ~~~~~~~~~~^~~~~~~~~~
/usr/include/c++/13/array: In static member function ‘static ChangeInfoResult GrfChangeInfoHandler<TFeature>::Reserve(uint, uint, int, ByteReader&) [with GrfSpecFeature TFeature = GrfSpecFeature::RailTypes]’:
/usr/include/c++/13/array:109:55: note: at offset [20, 9223372036854775796] into destination object ‘std::array<unsigned char, 4>::_M_elems’ of size 4
  109 |       typename __array_traits<_Tp, _Nm>::_Type        _M_elems;
      |                                                       ^~~~~~~~
/usr/include/c++/13/array:109:55: note: at offset 4 into destination object ‘std::array<unsigned char, 4>::_M_elems’ of size 4
/usr/include/c++/13/array:109:55: note: at offset 4 into destination object ‘std::array<unsigned char, 4>::_M_elems’ of size 4
/usr/include/c++/13/array:109:55: note: at offset [20, 9223372036854775796] into destination object ‘std::array<unsigned char, 4>::_M_elems’ of size 4
/usr/include/c++/13/array:109:55: note: at offset 4 into destination object ‘std::array<unsigned char, 4>::_M_elems’ of size 4
/usr/include/c++/13/array:109:55: note: at offset 4 into destination object ‘std::array<unsigned char, 4>::_M_elems’ of size 4
In function ‘constexpr std::__conditional_t<_IsMove, std::ranges::in_out_result<_Iter, _Out>, std::ranges::in_out_result<_Iter, _Out> > std::ranges::__copy_or_move(_Iter, _Sent, _Out) [with bool _IsMove = false; _Iter = const char*; _Sent = const char*; _Out = unsigned char*]’,
    inlined from ‘constexpr std::ranges::copy_result<_Iter, _Out> std::ranges::__copy_fn::operator()(_Iter, _Sent, _Out) const [with _Iter = const char*; _Sent = const char*; _Out = unsigned char*]’ at /usr/include/c++/13/bits/ranges_algobase.h:303:38,
    inlined from ‘constexpr std::ranges::copy_result<std::ranges::borrowed_iterator_t<_Range>, _Out> std::ranges::__copy_fn::operator()(_Range&&, _Out) const [with _Range = std::basic_string_view<char>; _Out = unsigned char*]’ at /usr/include/c++/13/bits/ranges_algobase.h:313:16,
    inlined from ‘T ByteReader::ReadLabel() [with T = Label<RailTypeLabelTag>]’ at /home/flax/games/openspacettd/src/newgrf/newgrf_bytereader.h:106:20,
    inlined from ‘ChangeInfoResult RailTypeReserveInfo(uint, uint, int, ByteReader&)’ at /home/flax/games/openspacettd/src/newgrf/newgrf_act0_railtypes.cpp:177:53,
    inlined from ‘static ChangeInfoResult GrfChangeInfoHandler<TFeature>::Reserve(uint, uint, int, ByteReader&) [with GrfSpecFeature TFeature = GrfSpecFeature::RailTypes]’ at /home/flax/games/openspacettd/src/newgrf/newgrf_act0_railtypes.cpp:245:165:
/usr/include/c++/13/bits/ranges_algobase.h:274:27: warning: writing 1 byte into a region of size 0 [-Wstringop-overflow=]
  274 |                 *__result = *__first;
      |                 ~~~~~~~~~~^~~~~~~~~~
/usr/include/c++/13/array: In static member function ‘static ChangeInfoResult GrfChangeInfoHandler<TFeature>::Reserve(uint, uint, int, ByteReader&) [with GrfSpecFeature TFeature = GrfSpecFeature::RailTypes]’:
/usr/include/c++/13/array:109:55: note: at offset [21, 9223372036854775797] into destination object ‘std::array<unsigned char, 4>::_M_elems’ of size 4
  109 |       typename __array_traits<_Tp, _Nm>::_Type        _M_elems;
      |                                                       ^~~~~~~~
/usr/include/c++/13/array:109:55: note: at offset 5 into destination object ‘std::array<unsigned char, 4>::_M_elems’ of size 4
/usr/include/c++/13/array:109:55: note: at offset 5 into destination object ‘std::array<unsigned char, 4>::_M_elems’ of size 4
/usr/include/c++/13/array:109:55: note: at offset [21, 9223372036854775797] into destination object ‘std::array<unsigned char, 4>::_M_elems’ of size 4
/usr/include/c++/13/array:109:55: note: at offset 5 into destination object ‘std::array<unsigned char, 4>::_M_elems’ of size 4
/usr/include/c++/13/array:109:55: note: at offset 5 into destination object ‘std::array<unsigned char, 4>::_M_elems’ of size 4
In function ‘constexpr std::__conditional_t<_IsMove, std::ranges::in_out_result<_Iter, _Out>, std::ranges::in_out_result<_Iter, _Out> > std::ranges::__copy_or_move(_Iter, _Sent, _Out) [with bool _IsMove = false; _Iter = const char*; _Sent = const char*; _Out = unsigned char*]’,
    inlined from ‘constexpr std::ranges::copy_result<_Iter, _Out> std::ranges::__copy_fn::operator()(_Iter, _Sent, _Out) const [with _Iter = const char*; _Sent = const char*; _Out = unsigned char*]’ at /usr/include/c++/13/bits/ranges_algobase.h:303:38,
    inlined from ‘constexpr std::ranges::copy_result<std::ranges::borrowed_iterator_t<_Range>, _Out> std::ranges::__copy_fn::operator()(_Range&&, _Out) const [with _Range = std::basic_string_view<char>; _Out = unsigned char*]’ at /usr/include/c++/13/bits/ranges_algobase.h:313:16,
    inlined from ‘T ByteReader::ReadLabel() [with T = Label<RailTypeLabelTag>]’ at /home/flax/games/openspacettd/src/newgrf/newgrf_bytereader.h:106:20,
    inlined from ‘ChangeInfoResult RailTypeReserveInfo(uint, uint, int, ByteReader&)’ at /home/flax/games/openspacettd/src/newgrf/newgrf_act0_railtypes.cpp:177:53,
    inlined from ‘static ChangeInfoResult GrfChangeInfoHandler<TFeature>::Reserve(uint, uint, int, ByteReader&) [with GrfSpecFeature TFeature = GrfSpecFeature::RailTypes]’ at /home/flax/games/openspacettd/src/newgrf/newgrf_act0_railtypes.cpp:245:165:
/usr/include/c++/13/bits/ranges_algobase.h:274:27: warning: writing 1 byte into a region of size 0 [-Wstringop-overflow=]
  274 |                 *__result = *__first;
      |                 ~~~~~~~~~~^~~~~~~~~~
/usr/include/c++/13/array: In static member function ‘static ChangeInfoResult GrfChangeInfoHandler<TFeature>::Reserve(uint, uint, int, ByteReader&) [with GrfSpecFeature TFeature = GrfSpecFeature::RailTypes]’:
/usr/include/c++/13/array:109:55: note: at offset [22, 9223372036854775798] into destination object ‘std::array<unsigned char, 4>::_M_elems’ of size 4
  109 |       typename __array_traits<_Tp, _Nm>::_Type        _M_elems;
      |                                                       ^~~~~~~~
/usr/include/c++/13/array:109:55: note: at offset 6 into destination object ‘std::array<unsigned char, 4>::_M_elems’ of size 4
/usr/include/c++/13/array:109:55: note: at offset 6 into destination object ‘std::array<unsigned char, 4>::_M_elems’ of size 4
/usr/include/c++/13/array:109:55: note: at offset [22, 9223372036854775798] into destination object ‘std::array<unsigned char, 4>::_M_elems’ of size 4
/usr/include/c++/13/array:109:55: note: at offset 6 into destination object ‘std::array<unsigned char, 4>::_M_elems’ of size 4
/usr/include/c++/13/array:109:55: note: at offset 6 into destination object ‘std::array<unsigned char, 4>::_M_elems’ of size 4
[144/480] Building CXX object CMakeFiles/openttd_lib.dir/src/newgrf/newgrf_act0_roadstops.cpp.o
In file included from /usr/include/c++/13/bits/ranges_algo.h:38,
                 from /usr/include/c++/13/algorithm:63,
                 from /home/flax/games/openspacettd/src/stdafx.h:43,
                 from /home/flax/games/openspacettd/build/CMakeFiles/openttd_lib.dir/cmake_pch.hxx:5,
                 from <command-line>:
In function ‘constexpr std::__conditional_t<_IsMove, std::ranges::in_out_result<_Iter, _Out>, std::ranges::in_out_result<_Iter, _Out> > std::ranges::__copy_or_move(_Iter, _Sent, _Out) [with bool _IsMove = false; _Iter = const char*; _Sent = const char*; _Out = unsigned char*]’,
    inlined from ‘constexpr std::ranges::copy_result<_Iter, _Out> std::ranges::__copy_fn::operator()(_Iter, _Sent, _Out) const [with _Iter = const char*; _Sent = const char*; _Out = unsigned char*]’ at /usr/include/c++/13/bits/ranges_algobase.h:303:38,
    inlined from ‘constexpr std::ranges::copy_result<std::ranges::borrowed_iterator_t<_Range>, _Out> std::ranges::__copy_fn::operator()(_Range&&, _Out) const [with _Range = std::basic_string_view<char>; _Out = unsigned char*]’ at /usr/include/c++/13/bits/ranges_algobase.h:313:16,
    inlined from ‘T ByteReader::ReadLabel() [with T = Label<NewGRFClass<RoadStopSpec, PoolID<short unsigned int, RoadStopClassIDTag, 65535, 65535> > >]’ at /home/flax/games/openspacettd/src/newgrf/newgrf_bytereader.h:106:20,
    inlined from ‘ChangeInfoResult RoadStopChangeInfo(uint, uint, int, ByteReader&)’ at /home/flax/games/openspacettd/src/newgrf/newgrf_act0_roadstops.cpp:96:46,
    inlined from ‘static ChangeInfoResult GrfChangeInfoHandler<TFeature>::Activation(uint, uint, int, ByteReader&) [with GrfSpecFeature TFeature = GrfSpecFeature::RoadStops]’ at /home/flax/games/openspacettd/src/newgrf/newgrf_act0_roadstops.cpp:185:167:
/usr/include/c++/13/bits/ranges_algobase.h:274:27: warning: writing 1 byte into a region of size 0 [-Wstringop-overflow=]
  274 |                 *__result = *__first;
      |                 ~~~~~~~~~~^~~~~~~~~~
In file included from /home/flax/games/openspacettd/src/stdafx.h:44:
/usr/include/c++/13/array: In static member function ‘static ChangeInfoResult GrfChangeInfoHandler<TFeature>::Activation(uint, uint, int, ByteReader&) [with GrfSpecFeature TFeature = GrfSpecFeature::RoadStops]’:
/usr/include/c++/13/array:109:55: note: at offset [20, 9223372036854775796] into destination object ‘std::array<unsigned char, 4>::_M_elems’ of size 4
  109 |       typename __array_traits<_Tp, _Nm>::_Type        _M_elems;
      |                                                       ^~~~~~~~
/usr/include/c++/13/array:109:55: note: at offset 4 into destination object ‘std::array<unsigned char, 4>::_M_elems’ of size 4
/usr/include/c++/13/array:109:55: note: at offset [20, 9223372036854775796] into destination object ‘std::array<unsigned char, 4>::_M_elems’ of size 4
/usr/include/c++/13/array:109:55: note: at offset 4 into destination object ‘std::array<unsigned char, 4>::_M_elems’ of size 4
/usr/include/c++/13/array:109:55: note: at offset 4 into destination object ‘std::array<unsigned char, 4>::_M_elems’ of size 4
In function ‘constexpr std::__conditional_t<_IsMove, std::ranges::in_out_result<_Iter, _Out>, std::ranges::in_out_result<_Iter, _Out> > std::ranges::__copy_or_move(_Iter, _Sent, _Out) [with bool _IsMove = false; _Iter = const char*; _Sent = const char*; _Out = unsigned char*]’,
    inlined from ‘constexpr std::ranges::copy_result<_Iter, _Out> std::ranges::__copy_fn::operator()(_Iter, _Sent, _Out) const [with _Iter = const char*; _Sent = const char*; _Out = unsigned char*]’ at /usr/include/c++/13/bits/ranges_algobase.h:303:38,
    inlined from ‘constexpr std::ranges::copy_result<std::ranges::borrowed_iterator_t<_Range>, _Out> std::ranges::__copy_fn::operator()(_Range&&, _Out) const [with _Range = std::basic_string_view<char>; _Out = unsigned char*]’ at /usr/include/c++/13/bits/ranges_algobase.h:313:16,
    inlined from ‘T ByteReader::ReadLabel() [with T = Label<NewGRFClass<RoadStopSpec, PoolID<short unsigned int, RoadStopClassIDTag, 65535, 65535> > >]’ at /home/flax/games/openspacettd/src/newgrf/newgrf_bytereader.h:106:20,
    inlined from ‘ChangeInfoResult RoadStopChangeInfo(uint, uint, int, ByteReader&)’ at /home/flax/games/openspacettd/src/newgrf/newgrf_act0_roadstops.cpp:96:46,
    inlined from ‘static ChangeInfoResult GrfChangeInfoHandler<TFeature>::Activation(uint, uint, int, ByteReader&) [with GrfSpecFeature TFeature = GrfSpecFeature::RoadStops]’ at /home/flax/games/openspacettd/src/newgrf/newgrf_act0_roadstops.cpp:185:167:
/usr/include/c++/13/bits/ranges_algobase.h:274:27: warning: writing 1 byte into a region of size 0 [-Wstringop-overflow=]
  274 |                 *__result = *__first;
      |                 ~~~~~~~~~~^~~~~~~~~~
/usr/include/c++/13/array: In static member function ‘static ChangeInfoResult GrfChangeInfoHandler<TFeature>::Activation(uint, uint, int, ByteReader&) [with GrfSpecFeature TFeature = GrfSpecFeature::RoadStops]’:
/usr/include/c++/13/array:109:55: note: at offset [21, 9223372036854775797] into destination object ‘std::array<unsigned char, 4>::_M_elems’ of size 4
  109 |       typename __array_traits<_Tp, _Nm>::_Type        _M_elems;
      |                                                       ^~~~~~~~
/usr/include/c++/13/array:109:55: note: at offset 5 into destination object ‘std::array<unsigned char, 4>::_M_elems’ of size 4
/usr/include/c++/13/array:109:55: note: at offset [21, 9223372036854775797] into destination object ‘std::array<unsigned char, 4>::_M_elems’ of size 4
/usr/include/c++/13/array:109:55: note: at offset 5 into destination object ‘std::array<unsigned char, 4>::_M_elems’ of size 4
/usr/include/c++/13/array:109:55: note: at offset 5 into destination object ‘std::array<unsigned char, 4>::_M_elems’ of size 4
In function ‘constexpr std::__conditional_t<_IsMove, std::ranges::in_out_result<_Iter, _Out>, std::ranges::in_out_result<_Iter, _Out> > std::ranges::__copy_or_move(_Iter, _Sent, _Out) [with bool _IsMove = false; _Iter = const char*; _Sent = const char*; _Out = unsigned char*]’,
    inlined from ‘constexpr std::ranges::copy_result<_Iter, _Out> std::ranges::__copy_fn::operator()(_Iter, _Sent, _Out) const [with _Iter = const char*; _Sent = const char*; _Out = unsigned char*]’ at /usr/include/c++/13/bits/ranges_algobase.h:303:38,
    inlined from ‘constexpr std::ranges::copy_result<std::ranges::borrowed_iterator_t<_Range>, _Out> std::ranges::__copy_fn::operator()(_Range&&, _Out) const [with _Range = std::basic_string_view<char>; _Out = unsigned char*]’ at /usr/include/c++/13/bits/ranges_algobase.h:313:16,
    inlined from ‘T ByteReader::ReadLabel() [with T = Label<NewGRFClass<RoadStopSpec, PoolID<short unsigned int, RoadStopClassIDTag, 65535, 65535> > >]’ at /home/flax/games/openspacettd/src/newgrf/newgrf_bytereader.h:106:20,
    inlined from ‘ChangeInfoResult RoadStopChangeInfo(uint, uint, int, ByteReader&)’ at /home/flax/games/openspacettd/src/newgrf/newgrf_act0_roadstops.cpp:96:46,
    inlined from ‘static ChangeInfoResult GrfChangeInfoHandler<TFeature>::Activation(uint, uint, int, ByteReader&) [with GrfSpecFeature TFeature = GrfSpecFeature::RoadStops]’ at /home/flax/games/openspacettd/src/newgrf/newgrf_act0_roadstops.cpp:185:167:
/usr/include/c++/13/bits/ranges_algobase.h:274:27: warning: writing 1 byte into a region of size 0 [-Wstringop-overflow=]
  274 |                 *__result = *__first;
      |                 ~~~~~~~~~~^~~~~~~~~~
/usr/include/c++/13/array: In static member function ‘static ChangeInfoResult GrfChangeInfoHandler<TFeature>::Activation(uint, uint, int, ByteReader&) [with GrfSpecFeature TFeature = GrfSpecFeature::RoadStops]’:
/usr/include/c++/13/array:109:55: note: at offset [22, 9223372036854775798] into destination object ‘std::array<unsigned char, 4>::_M_elems’ of size 4
  109 |       typename __array_traits<_Tp, _Nm>::_Type        _M_elems;
      |                                                       ^~~~~~~~
/usr/include/c++/13/array:109:55: note: at offset 6 into destination object ‘std::array<unsigned char, 4>::_M_elems’ of size 4
/usr/include/c++/13/array:109:55: note: at offset [22, 9223372036854775798] into destination object ‘std::array<unsigned char, 4>::_M_elems’ of size 4
/usr/include/c++/13/array:109:55: note: at offset 6 into destination object ‘std::array<unsigned char, 4>::_M_elems’ of size 4
/usr/include/c++/13/array:109:55: note: at offset 6 into destination object ‘std::array<unsigned char, 4>::_M_elems’ of size 4
[145/480] Building CXX object CMakeFiles/openttd_lib.dir/src/newgrf/newgrf_act0_roadtypes.cpp.o
In file included from /usr/include/c++/13/bits/ranges_algo.h:38,
                 from /usr/include/c++/13/algorithm:63,
                 from /home/flax/games/openspacettd/src/stdafx.h:43,
                 from /home/flax/games/openspacettd/build/CMakeFiles/openttd_lib.dir/cmake_pch.hxx:5,
                 from <command-line>:
In function ‘constexpr std::__conditional_t<_IsMove, std::ranges::in_out_result<_Iter, _Out>, std::ranges::in_out_result<_Iter, _Out> > std::ranges::__copy_or_move(_Iter, _Sent, _Out) [with bool _IsMove = false; _Iter = const char*; _Sent = const char*; _Out = unsigned char*]’,
    inlined from ‘constexpr std::ranges::copy_result<_Iter, _Out> std::ranges::__copy_fn::operator()(_Iter, _Sent, _Out) const [with _Iter = const char*; _Sent = const char*; _Out = unsigned char*]’ at /usr/include/c++/13/bits/ranges_algobase.h:303:38,
    inlined from ‘constexpr std::ranges::copy_result<std::ranges::borrowed_iterator_t<_Range>, _Out> std::ranges::__copy_fn::operator()(_Range&&, _Out) const [with _Range = std::basic_string_view<char>; _Out = unsigned char*]’ at /usr/include/c++/13/bits/ranges_algobase.h:313:16,
    inlined from ‘T ByteReader::ReadLabel() [with T = Label<RoadTypeLabelTag>]’ at /home/flax/games/openspacettd/src/newgrf/newgrf_bytereader.h:106:20,
    inlined from ‘ChangeInfoResult RoadTypeChangeInfo(uint, uint, int, ByteReader&, RoadTramType)’ at /home/flax/games/openspacettd/src/newgrf/newgrf_act0_roadtypes.cpp:80:47:
/usr/include/c++/13/bits/ranges_algobase.h:274:27: warning: writing 1 byte into a region of size 0 [-Wstringop-overflow=]
  274 |                 *__result = *__first;
      |                 ~~~~~~~~~~^~~~~~~~~~
In file included from /home/flax/games/openspacettd/src/stdafx.h:44:
/usr/include/c++/13/array: In function ‘ChangeInfoResult RoadTypeChangeInfo(uint, uint, int, ByteReader&, RoadTramType)’:
/usr/include/c++/13/array:109:55: note: at offset [20, 9223372036854775796] into destination object ‘std::array<unsigned char, 4>::_M_elems’ of size 4
  109 |       typename __array_traits<_Tp, _Nm>::_Type        _M_elems;
      |                                                       ^~~~~~~~
/usr/include/c++/13/array:109:55: note: at offset 4 into destination object ‘std::array<unsigned char, 4>::_M_elems’ of size 4
/usr/include/c++/13/array:109:55: note: at offset 4 into destination object ‘std::array<unsigned char, 4>::_M_elems’ of size 4
/usr/include/c++/13/array:109:55: note: at offset [20, 9223372036854775796] into destination object ‘std::array<unsigned char, 4>::_M_elems’ of size 4
/usr/include/c++/13/array:109:55: note: at offset 4 into destination object ‘std::array<unsigned char, 4>::_M_elems’ of size 4
/usr/include/c++/13/array:109:55: note: at offset 4 into destination object ‘std::array<unsigned char, 4>::_M_elems’ of size 4
In function ‘constexpr std::__conditional_t<_IsMove, std::ranges::in_out_result<_Iter, _Out>, std::ranges::in_out_result<_Iter, _Out> > std::ranges::__copy_or_move(_Iter, _Sent, _Out) [with bool _IsMove = false; _Iter = const char*; _Sent = const char*; _Out = unsigned char*]’,
    inlined from ‘constexpr std::ranges::copy_result<_Iter, _Out> std::ranges::__copy_fn::operator()(_Iter, _Sent, _Out) const [with _Iter = const char*; _Sent = const char*; _Out = unsigned char*]’ at /usr/include/c++/13/bits/ranges_algobase.h:303:38,
    inlined from ‘constexpr std::ranges::copy_result<std::ranges::borrowed_iterator_t<_Range>, _Out> std::ranges::__copy_fn::operator()(_Range&&, _Out) const [with _Range = std::basic_string_view<char>; _Out = unsigned char*]’ at /usr/include/c++/13/bits/ranges_algobase.h:313:16,
    inlined from ‘T ByteReader::ReadLabel() [with T = Label<RoadTypeLabelTag>]’ at /home/flax/games/openspacettd/src/newgrf/newgrf_bytereader.h:106:20,
    inlined from ‘ChangeInfoResult RoadTypeChangeInfo(uint, uint, int, ByteReader&, RoadTramType)’ at /home/flax/games/openspacettd/src/newgrf/newgrf_act0_roadtypes.cpp:80:47:
/usr/include/c++/13/bits/ranges_algobase.h:274:27: warning: writing 1 byte into a region of size 0 [-Wstringop-overflow=]
  274 |                 *__result = *__first;
      |                 ~~~~~~~~~~^~~~~~~~~~
/usr/include/c++/13/array: In function ‘ChangeInfoResult RoadTypeChangeInfo(uint, uint, int, ByteReader&, RoadTramType)’:
/usr/include/c++/13/array:109:55: note: at offset [21, 9223372036854775797] into destination object ‘std::array<unsigned char, 4>::_M_elems’ of size 4
  109 |       typename __array_traits<_Tp, _Nm>::_Type        _M_elems;
      |                                                       ^~~~~~~~
/usr/include/c++/13/array:109:55: note: at offset 5 into destination object ‘std::array<unsigned char, 4>::_M_elems’ of size 4
/usr/include/c++/13/array:109:55: note: at offset 5 into destination object ‘std::array<unsigned char, 4>::_M_elems’ of size 4
/usr/include/c++/13/array:109:55: note: at offset [21, 9223372036854775797] into destination object ‘std::array<unsigned char, 4>::_M_elems’ of size 4
/usr/include/c++/13/array:109:55: note: at offset 5 into destination object ‘std::array<unsigned char, 4>::_M_elems’ of size 4
/usr/include/c++/13/array:109:55: note: at offset 5 into destination object ‘std::array<unsigned char, 4>::_M_elems’ of size 4
In function ‘constexpr std::__conditional_t<_IsMove, std::ranges::in_out_result<_Iter, _Out>, std::ranges::in_out_result<_Iter, _Out> > std::ranges::__copy_or_move(_Iter, _Sent, _Out) [with bool _IsMove = false; _Iter = const char*; _Sent = const char*; _Out = unsigned char*]’,
    inlined from ‘constexpr std::ranges::copy_result<_Iter, _Out> std::ranges::__copy_fn::operator()(_Iter, _Sent, _Out) const [with _Iter = const char*; _Sent = const char*; _Out = unsigned char*]’ at /usr/include/c++/13/bits/ranges_algobase.h:303:38,
    inlined from ‘constexpr std::ranges::copy_result<std::ranges::borrowed_iterator_t<_Range>, _Out> std::ranges::__copy_fn::operator()(_Range&&, _Out) const [with _Range = std::basic_string_view<char>; _Out = unsigned char*]’ at /usr/include/c++/13/bits/ranges_algobase.h:313:16,
    inlined from ‘T ByteReader::ReadLabel() [with T = Label<RoadTypeLabelTag>]’ at /home/flax/games/openspacettd/src/newgrf/newgrf_bytereader.h:106:20,
    inlined from ‘ChangeInfoResult RoadTypeChangeInfo(uint, uint, int, ByteReader&, RoadTramType)’ at /home/flax/games/openspacettd/src/newgrf/newgrf_act0_roadtypes.cpp:80:47:
/usr/include/c++/13/bits/ranges_algobase.h:274:27: warning: writing 1 byte into a region of size 0 [-Wstringop-overflow=]
  274 |                 *__result = *__first;
      |                 ~~~~~~~~~~^~~~~~~~~~
/usr/include/c++/13/array: In function ‘ChangeInfoResult RoadTypeChangeInfo(uint, uint, int, ByteReader&, RoadTramType)’:
/usr/include/c++/13/array:109:55: note: at offset [22, 9223372036854775798] into destination object ‘std::array<unsigned char, 4>::_M_elems’ of size 4
  109 |       typename __array_traits<_Tp, _Nm>::_Type        _M_elems;
      |                                                       ^~~~~~~~
/usr/include/c++/13/array:109:55: note: at offset 6 into destination object ‘std::array<unsigned char, 4>::_M_elems’ of size 4
/usr/include/c++/13/array:109:55: note: at offset 6 into destination object ‘std::array<unsigned char, 4>::_M_elems’ of size 4
/usr/include/c++/13/array:109:55: note: at offset [22, 9223372036854775798] into destination object ‘std::array<unsigned char, 4>::_M_elems’ of size 4
/usr/include/c++/13/array:109:55: note: at offset 6 into destination object ‘std::array<unsigned char, 4>::_M_elems’ of size 4
/usr/include/c++/13/array:109:55: note: at offset 6 into destination object ‘std::array<unsigned char, 4>::_M_elems’ of size 4
In function ‘constexpr std::__conditional_t<_IsMove, std::ranges::in_out_result<_Iter, _Out>, std::ranges::in_out_result<_Iter, _Out> > std::ranges::__copy_or_move(_Iter, _Sent, _Out) [with bool _IsMove = false; _Iter = const char*; _Sent = const char*; _Out = unsigned char*]’,
    inlined from ‘constexpr std::ranges::copy_result<_Iter, _Out> std::ranges::__copy_fn::operator()(_Iter, _Sent, _Out) const [with _Iter = const char*; _Sent = const char*; _Out = unsigned char*]’ at /usr/include/c++/13/bits/ranges_algobase.h:303:38,
    inlined from ‘constexpr std::ranges::copy_result<std::ranges::borrowed_iterator_t<_Range>, _Out> std::ranges::__copy_fn::operator()(_Range&&, _Out) const [with _Range = std::basic_string_view<char>; _Out = unsigned char*]’ at /usr/include/c++/13/bits/ranges_algobase.h:313:16,
    inlined from ‘T ByteReader::ReadLabel() [with T = Label<RoadTypeLabelTag>]’ at /home/flax/games/openspacettd/src/newgrf/newgrf_bytereader.h:106:20,
    inlined from ‘ChangeInfoResult RoadTypeReserveInfo(uint, uint, int, ByteReader&, RoadTramType)’ at /home/flax/games/openspacettd/src/newgrf/newgrf_act0_roadtypes.cpp:192:84:
/usr/include/c++/13/bits/ranges_algobase.h:274:27: warning: writing 1 byte into a region of size 0 [-Wstringop-overflow=]
  274 |                 *__result = *__first;
      |                 ~~~~~~~~~~^~~~~~~~~~
/usr/include/c++/13/array: In function ‘ChangeInfoResult RoadTypeReserveInfo(uint, uint, int, ByteReader&, RoadTramType)’:
/usr/include/c++/13/array:109:55: note: at offset [20, 9223372036854775796] into destination object ‘std::array<unsigned char, 4>::_M_elems’ of size 4
  109 |       typename __array_traits<_Tp, _Nm>::_Type        _M_elems;
      |                                                       ^~~~~~~~
/usr/include/c++/13/array:109:55: note: at offset 4 into destination object ‘std::array<unsigned char, 4>::_M_elems’ of size 4
/usr/include/c++/13/array:109:55: note: at offset 4 into destination object ‘std::array<unsigned char, 4>::_M_elems’ of size 4
/usr/include/c++/13/array:109:55: note: at offset [20, 9223372036854775796] into destination object ‘std::array<unsigned char, 4>::_M_elems’ of size 4
/usr/include/c++/13/array:109:55: note: at offset 4 into destination object ‘std::array<unsigned char, 4>::_M_elems’ of size 4
/usr/include/c++/13/array:109:55: note: at offset 4 into destination object ‘std::array<unsigned char, 4>::_M_elems’ of size 4
In function ‘constexpr std::__conditional_t<_IsMove, std::ranges::in_out_result<_Iter, _Out>, std::ranges::in_out_result<_Iter, _Out> > std::ranges::__copy_or_move(_Iter, _Sent, _Out) [with bool _IsMove = false; _Iter = const char*; _Sent = const char*; _Out = unsigned char*]’,
    inlined from ‘constexpr std::ranges::copy_result<_Iter, _Out> std::ranges::__copy_fn::operator()(_Iter, _Sent, _Out) const [with _Iter = const char*; _Sent = const char*; _Out = unsigned char*]’ at /usr/include/c++/13/bits/ranges_algobase.h:303:38,
    inlined from ‘constexpr std::ranges::copy_result<std::ranges::borrowed_iterator_t<_Range>, _Out> std::ranges::__copy_fn::operator()(_Range&&, _Out) const [with _Range = std::basic_string_view<char>; _Out = unsigned char*]’ at /usr/include/c++/13/bits/ranges_algobase.h:313:16,
    inlined from ‘T ByteReader::ReadLabel() [with T = Label<RoadTypeLabelTag>]’ at /home/flax/games/openspacettd/src/newgrf/newgrf_bytereader.h:106:20,
    inlined from ‘ChangeInfoResult RoadTypeReserveInfo(uint, uint, int, ByteReader&, RoadTramType)’ at /home/flax/games/openspacettd/src/newgrf/newgrf_act0_roadtypes.cpp:192:84:
/usr/include/c++/13/bits/ranges_algobase.h:274:27: warning: writing 1 byte into a region of size 0 [-Wstringop-overflow=]
  274 |                 *__result = *__first;
      |                 ~~~~~~~~~~^~~~~~~~~~
/usr/include/c++/13/array: In function ‘ChangeInfoResult RoadTypeReserveInfo(uint, uint, int, ByteReader&, RoadTramType)’:
/usr/include/c++/13/array:109:55: note: at offset [21, 9223372036854775797] into destination object ‘std::array<unsigned char, 4>::_M_elems’ of size 4
  109 |       typename __array_traits<_Tp, _Nm>::_Type        _M_elems;
      |                                                       ^~~~~~~~
/usr/include/c++/13/array:109:55: note: at offset 5 into destination object ‘std::array<unsigned char, 4>::_M_elems’ of size 4
/usr/include/c++/13/array:109:55: note: at offset 5 into destination object ‘std::array<unsigned char, 4>::_M_elems’ of size 4
/usr/include/c++/13/array:109:55: note: at offset [21, 9223372036854775797] into destination object ‘std::array<unsigned char, 4>::_M_elems’ of size 4
/usr/include/c++/13/array:109:55: note: at offset 5 into destination object ‘std::array<unsigned char, 4>::_M_elems’ of size 4
/usr/include/c++/13/array:109:55: note: at offset 5 into destination object ‘std::array<unsigned char, 4>::_M_elems’ of size 4
In function ‘constexpr std::__conditional_t<_IsMove, std::ranges::in_out_result<_Iter, _Out>, std::ranges::in_out_result<_Iter, _Out> > std::ranges::__copy_or_move(_Iter, _Sent, _Out) [with bool _IsMove = false; _Iter = const char*; _Sent = const char*; _Out = unsigned char*]’,
    inlined from ‘constexpr std::ranges::copy_result<_Iter, _Out> std::ranges::__copy_fn::operator()(_Iter, _Sent, _Out) const [with _Iter = const char*; _Sent = const char*; _Out = unsigned char*]’ at /usr/include/c++/13/bits/ranges_algobase.h:303:38,
    inlined from ‘constexpr std::ranges::copy_result<std::ranges::borrowed_iterator_t<_Range>, _Out> std::ranges::__copy_fn::operator()(_Range&&, _Out) const [with _Range = std::basic_string_view<char>; _Out = unsigned char*]’ at /usr/include/c++/13/bits/ranges_algobase.h:313:16,
    inlined from ‘T ByteReader::ReadLabel() [with T = Label<RoadTypeLabelTag>]’ at /home/flax/games/openspacettd/src/newgrf/newgrf_bytereader.h:106:20,
    inlined from ‘ChangeInfoResult RoadTypeReserveInfo(uint, uint, int, ByteReader&, RoadTramType)’ at /home/flax/games/openspacettd/src/newgrf/newgrf_act0_roadtypes.cpp:192:84:
/usr/include/c++/13/bits/ranges_algobase.h:274:27: warning: writing 1 byte into a region of size 0 [-Wstringop-overflow=]
  274 |                 *__result = *__first;
      |                 ~~~~~~~~~~^~~~~~~~~~
/usr/include/c++/13/array: In function ‘ChangeInfoResult RoadTypeReserveInfo(uint, uint, int, ByteReader&, RoadTramType)’:
/usr/include/c++/13/array:109:55: note: at offset [22, 9223372036854775798] into destination object ‘std::array<unsigned char, 4>::_M_elems’ of size 4
  109 |       typename __array_traits<_Tp, _Nm>::_Type        _M_elems;
      |                                                       ^~~~~~~~
/usr/include/c++/13/array:109:55: note: at offset 6 into destination object ‘std::array<unsigned char, 4>::_M_elems’ of size 4
/usr/include/c++/13/array:109:55: note: at offset 6 into destination object ‘std::array<unsigned char, 4>::_M_elems’ of size 4
/usr/include/c++/13/array:109:55: note: at offset [22, 9223372036854775798] into destination object ‘std::array<unsigned char, 4>::_M_elems’ of size 4
/usr/include/c++/13/array:109:55: note: at offset 6 into destination object ‘std::array<unsigned char, 4>::_M_elems’ of size 4
/usr/include/c++/13/array:109:55: note: at offset 6 into destination object ‘std::array<unsigned char, 4>::_M_elems’ of size 4
In function ‘constexpr std::__conditional_t<_IsMove, std::ranges::in_out_result<_Iter, _Out>, std::ranges::in_out_result<_Iter, _Out> > std::ranges::__copy_or_move(_Iter, _Sent, _Out) [with bool _IsMove = false; _Iter = const char*; _Sent = const char*; _Out = unsigned char*]’,
    inlined from ‘constexpr std::ranges::copy_result<_Iter, _Out> std::ranges::__copy_fn::operator()(_Iter, _Sent, _Out) const [with _Iter = const char*; _Sent = const char*; _Out = unsigned char*]’ at /usr/include/c++/13/bits/ranges_algobase.h:303:38,
    inlined from ‘constexpr std::ranges::copy_result<std::ranges::borrowed_iterator_t<_Range>, _Out> std::ranges::__copy_fn::operator()(_Range&&, _Out) const [with _Range = std::basic_string_view<char>; _Out = unsigned char*]’ at /usr/include/c++/13/bits/ranges_algobase.h:313:16,
    inlined from ‘T ByteReader::ReadLabel() [with T = Label<RoadTypeLabelTag>]’ at /home/flax/games/openspacettd/src/newgrf/newgrf_bytereader.h:106:20,
    inlined from ‘ChangeInfoResult RoadTypeReserveInfo(uint, uint, int, ByteReader&, RoadTramType)’ at /home/flax/games/openspacettd/src/newgrf/newgrf_act0_roadtypes.cpp:163:53:
/usr/include/c++/13/bits/ranges_algobase.h:274:27: warning: writing 1 byte into a region of size 0 [-Wstringop-overflow=]
  274 |                 *__result = *__first;
      |                 ~~~~~~~~~~^~~~~~~~~~
/usr/include/c++/13/array: In function ‘ChangeInfoResult RoadTypeReserveInfo(uint, uint, int, ByteReader&, RoadTramType)’:
/usr/include/c++/13/array:109:55: note: at offset [20, 9223372036854775796] into destination object ‘std::array<unsigned char, 4>::_M_elems’ of size 4
  109 |       typename __array_traits<_Tp, _Nm>::_Type        _M_elems;
      |                                                       ^~~~~~~~
/usr/include/c++/13/array:109:55: note: at offset 4 into destination object ‘std::array<unsigned char, 4>::_M_elems’ of size 4
/usr/include/c++/13/array:109:55: note: at offset 4 into destination object ‘std::array<unsigned char, 4>::_M_elems’ of size 4
/usr/include/c++/13/array:109:55: note: at offset [20, 9223372036854775796] into destination object ‘std::array<unsigned char, 4>::_M_elems’ of size 4
/usr/include/c++/13/array:109:55: note: at offset 4 into destination object ‘std::array<unsigned char, 4>::_M_elems’ of size 4
/usr/include/c++/13/array:109:55: note: at offset 4 into destination object ‘std::array<unsigned char, 4>::_M_elems’ of size 4
In function ‘constexpr std::__conditional_t<_IsMove, std::ranges::in_out_result<_Iter, _Out>, std::ranges::in_out_result<_Iter, _Out> > std::ranges::__copy_or_move(_Iter, _Sent, _Out) [with bool _IsMove = false; _Iter = const char*; _Sent = const char*; _Out = unsigned char*]’,
    inlined from ‘constexpr std::ranges::copy_result<_Iter, _Out> std::ranges::__copy_fn::operator()(_Iter, _Sent, _Out) const [with _Iter = const char*; _Sent = const char*; _Out = unsigned char*]’ at /usr/include/c++/13/bits/ranges_algobase.h:303:38,
    inlined from ‘constexpr std::ranges::copy_result<std::ranges::borrowed_iterator_t<_Range>, _Out> std::ranges::__copy_fn::operator()(_Range&&, _Out) const [with _Range = std::basic_string_view<char>; _Out = unsigned char*]’ at /usr/include/c++/13/bits/ranges_algobase.h:313:16,
    inlined from ‘T ByteReader::ReadLabel() [with T = Label<RoadTypeLabelTag>]’ at /home/flax/games/openspacettd/src/newgrf/newgrf_bytereader.h:106:20,
    inlined from ‘ChangeInfoResult RoadTypeReserveInfo(uint, uint, int, ByteReader&, RoadTramType)’ at /home/flax/games/openspacettd/src/newgrf/newgrf_act0_roadtypes.cpp:163:53:
/usr/include/c++/13/bits/ranges_algobase.h:274:27: warning: writing 1 byte into a region of size 0 [-Wstringop-overflow=]
  274 |                 *__result = *__first;
      |                 ~~~~~~~~~~^~~~~~~~~~
/usr/include/c++/13/array: In function ‘ChangeInfoResult RoadTypeReserveInfo(uint, uint, int, ByteReader&, RoadTramType)’:
/usr/include/c++/13/array:109:55: note: at offset [21, 9223372036854775797] into destination object ‘std::array<unsigned char, 4>::_M_elems’ of size 4
  109 |       typename __array_traits<_Tp, _Nm>::_Type        _M_elems;
      |                                                       ^~~~~~~~
/usr/include/c++/13/array:109:55: note: at offset 5 into destination object ‘std::array<unsigned char, 4>::_M_elems’ of size 4
/usr/include/c++/13/array:109:55: note: at offset 5 into destination object ‘std::array<unsigned char, 4>::_M_elems’ of size 4
/usr/include/c++/13/array:109:55: note: at offset [21, 9223372036854775797] into destination object ‘std::array<unsigned char, 4>::_M_elems’ of size 4
/usr/include/c++/13/array:109:55: note: at offset 5 into destination object ‘std::array<unsigned char, 4>::_M_elems’ of size 4
/usr/include/c++/13/array:109:55: note: at offset 5 into destination object ‘std::array<unsigned char, 4>::_M_elems’ of size 4
In function ‘constexpr std::__conditional_t<_IsMove, std::ranges::in_out_result<_Iter, _Out>, std::ranges::in_out_result<_Iter, _Out> > std::ranges::__copy_or_move(_Iter, _Sent, _Out) [with bool _IsMove = false; _Iter = const char*; _Sent = const char*; _Out = unsigned char*]’,
    inlined from ‘constexpr std::ranges::copy_result<_Iter, _Out> std::ranges::__copy_fn::operator()(_Iter, _Sent, _Out) const [with _Iter = const char*; _Sent = const char*; _Out = unsigned char*]’ at /usr/include/c++/13/bits/ranges_algobase.h:303:38,
    inlined from ‘constexpr std::ranges::copy_result<std::ranges::borrowed_iterator_t<_Range>, _Out> std::ranges::__copy_fn::operator()(_Range&&, _Out) const [with _Range = std::basic_string_view<char>; _Out = unsigned char*]’ at /usr/include/c++/13/bits/ranges_algobase.h:313:16,
    inlined from ‘T ByteReader::ReadLabel() [with T = Label<RoadTypeLabelTag>]’ at /home/flax/games/openspacettd/src/newgrf/newgrf_bytereader.h:106:20,
    inlined from ‘ChangeInfoResult RoadTypeReserveInfo(uint, uint, int, ByteReader&, RoadTramType)’ at /home/flax/games/openspacettd/src/newgrf/newgrf_act0_roadtypes.cpp:163:53:
/usr/include/c++/13/bits/ranges_algobase.h:274:27: warning: writing 1 byte into a region of size 0 [-Wstringop-overflow=]
  274 |                 *__result = *__first;
      |                 ~~~~~~~~~~^~~~~~~~~~
/usr/include/c++/13/array: In function ‘ChangeInfoResult RoadTypeReserveInfo(uint, uint, int, ByteReader&, RoadTramType)’:
/usr/include/c++/13/array:109:55: note: at offset [22, 9223372036854775798] into destination object ‘std::array<unsigned char, 4>::_M_elems’ of size 4
  109 |       typename __array_traits<_Tp, _Nm>::_Type        _M_elems;
      |                                                       ^~~~~~~~
/usr/include/c++/13/array:109:55: note: at offset 6 into destination object ‘std::array<unsigned char, 4>::_M_elems’ of size 4
/usr/include/c++/13/array:109:55: note: at offset 6 into destination object ‘std::array<unsigned char, 4>::_M_elems’ of size 4
/usr/include/c++/13/array:109:55: note: at offset [22, 9223372036854775798] into destination object ‘std::array<unsigned char, 4>::_M_elems’ of size 4
/usr/include/c++/13/array:109:55: note: at offset 6 into destination object ‘std::array<unsigned char, 4>::_M_elems’ of size 4
/usr/include/c++/13/array:109:55: note: at offset 6 into destination object ‘std::array<unsigned char, 4>::_M_elems’ of size 4
[146/480] Building CXX object CMakeFiles/openttd_lib.dir/src/newgrf/newgrf_act0_roadvehs.cpp.o
[147/480] Building CXX object CMakeFiles/openttd_lib.dir/src/newgrf/newgrf_act0_ships.cpp.o
[148/480] Building CXX object CMakeFiles/openttd_lib.dir/src/newgrf/newgrf_act0_sounds.cpp.o
[149/480] Building CXX object CMakeFiles/openttd_lib.dir/src/newgrf/newgrf_act0_trains.cpp.o
[150/480] Building CXX object CMakeFiles/openttd_lib.dir/src/newgrf/newgrf_act0_stations.cpp.o
In file included from /usr/include/c++/13/bits/ranges_algo.h:38,
                 from /usr/include/c++/13/algorithm:63,
                 from /home/flax/games/openspacettd/src/stdafx.h:43,
                 from /home/flax/games/openspacettd/build/CMakeFiles/openttd_lib.dir/cmake_pch.hxx:5,
                 from <command-line>:
In function ‘constexpr std::__conditional_t<_IsMove, std::ranges::in_out_result<_Iter, _Out>, std::ranges::in_out_result<_Iter, _Out> > std::ranges::__copy_or_move(_Iter, _Sent, _Out) [with bool _IsMove = false; _Iter = const char*; _Sent = const char*; _Out = unsigned char*]’,
    inlined from ‘constexpr std::ranges::copy_result<_Iter, _Out> std::ranges::__copy_fn::operator()(_Iter, _Sent, _Out) const [with _Iter = const char*; _Sent = const char*; _Out = unsigned char*]’ at /usr/include/c++/13/bits/ranges_algobase.h:303:38,
    inlined from ‘constexpr std::ranges::copy_result<std::ranges::borrowed_iterator_t<_Range>, _Out> std::ranges::__copy_fn::operator()(_Range&&, _Out) const [with _Range = std::basic_string_view<char>; _Out = unsigned char*]’ at /usr/include/c++/13/bits/ranges_algobase.h:313:16,
    inlined from ‘T ByteReader::ReadLabel() [with T = Label<NewGRFClass<StationSpec, PoolID<short unsigned int, StationClassIDTag, 65535, 65535> > >]’ at /home/flax/games/openspacettd/src/newgrf/newgrf_bytereader.h:106:20,
    inlined from ‘ChangeInfoResult StationChangeInfo(uint, uint, int, ByteReader&)’ at /home/flax/games/openspacettd/src/newgrf/newgrf_act0_stations.cpp:58:51:
/usr/include/c++/13/bits/ranges_algobase.h:274:27: warning: writing 1 byte into a region of size 0 [-Wstringop-overflow=]
  274 |                 *__result = *__first;
      |                 ~~~~~~~~~~^~~~~~~~~~
In file included from /home/flax/games/openspacettd/src/stdafx.h:44:
/usr/include/c++/13/array: In function ‘ChangeInfoResult StationChangeInfo(uint, uint, int, ByteReader&)’:
/usr/include/c++/13/array:109:55: note: at offset [20, 9223372036854775796] into destination object ‘std::array<unsigned char, 4>::_M_elems’ of size 4
  109 |       typename __array_traits<_Tp, _Nm>::_Type        _M_elems;
      |                                                       ^~~~~~~~
/usr/include/c++/13/array:109:55: note: at offset 4 into destination object ‘std::array<unsigned char, 4>::_M_elems’ of size 4
/usr/include/c++/13/array:109:55: note: at offset [20, 9223372036854775796] into destination object ‘std::array<unsigned char, 4>::_M_elems’ of size 4
/usr/include/c++/13/array:109:55: note: at offset 4 into destination object ‘std::array<unsigned char, 4>::_M_elems’ of size 4
In function ‘constexpr std::__conditional_t<_IsMove, std::ranges::in_out_result<_Iter, _Out>, std::ranges::in_out_result<_Iter, _Out> > std::ranges::__copy_or_move(_Iter, _Sent, _Out) [with bool _IsMove = false; _Iter = const char*; _Sent = const char*; _Out = unsigned char*]’,
    inlined from ‘constexpr std::ranges::copy_result<_Iter, _Out> std::ranges::__copy_fn::operator()(_Iter, _Sent, _Out) const [with _Iter = const char*; _Sent = const char*; _Out = unsigned char*]’ at /usr/include/c++/13/bits/ranges_algobase.h:303:38,
    inlined from ‘constexpr std::ranges::copy_result<std::ranges::borrowed_iterator_t<_Range>, _Out> std::ranges::__copy_fn::operator()(_Range&&, _Out) const [with _Range = std::basic_string_view<char>; _Out = unsigned char*]’ at /usr/include/c++/13/bits/ranges_algobase.h:313:16,
    inlined from ‘T ByteReader::ReadLabel() [with T = Label<NewGRFClass<StationSpec, PoolID<short unsigned int, StationClassIDTag, 65535, 65535> > >]’ at /home/flax/games/openspacettd/src/newgrf/newgrf_bytereader.h:106:20,
    inlined from ‘ChangeInfoResult StationChangeInfo(uint, uint, int, ByteReader&)’ at /home/flax/games/openspacettd/src/newgrf/newgrf_act0_stations.cpp:58:51:
/usr/include/c++/13/bits/ranges_algobase.h:274:27: warning: writing 1 byte into a region of size 0 [-Wstringop-overflow=]
  274 |                 *__result = *__first;
      |                 ~~~~~~~~~~^~~~~~~~~~
/usr/include/c++/13/array: In function ‘ChangeInfoResult StationChangeInfo(uint, uint, int, ByteReader&)’:
/usr/include/c++/13/array:109:55: note: at offset [21, 9223372036854775797] into destination object ‘std::array<unsigned char, 4>::_M_elems’ of size 4
  109 |       typename __array_traits<_Tp, _Nm>::_Type        _M_elems;
      |                                                       ^~~~~~~~
/usr/include/c++/13/array:109:55: note: at offset 5 into destination object ‘std::array<unsigned char, 4>::_M_elems’ of size 4
/usr/include/c++/13/array:109:55: note: at offset [21, 9223372036854775797] into destination object ‘std::array<unsigned char, 4>::_M_elems’ of size 4
/usr/include/c++/13/array:109:55: note: at offset 5 into destination object ‘std::array<unsigned char, 4>::_M_elems’ of size 4
In function ‘constexpr std::__conditional_t<_IsMove, std::ranges::in_out_result<_Iter, _Out>, std::ranges::in_out_result<_Iter, _Out> > std::ranges::__copy_or_move(_Iter, _Sent, _Out) [with bool _IsMove = false; _Iter = const char*; _Sent = const char*; _Out = unsigned char*]’,
    inlined from ‘constexpr std::ranges::copy_result<_Iter, _Out> std::ranges::__copy_fn::operator()(_Iter, _Sent, _Out) const [with _Iter = const char*; _Sent = const char*; _Out = unsigned char*]’ at /usr/include/c++/13/bits/ranges_algobase.h:303:38,
    inlined from ‘constexpr std::ranges::copy_result<std::ranges::borrowed_iterator_t<_Range>, _Out> std::ranges::__copy_fn::operator()(_Range&&, _Out) const [with _Range = std::basic_string_view<char>; _Out = unsigned char*]’ at /usr/include/c++/13/bits/ranges_algobase.h:313:16,
    inlined from ‘T ByteReader::ReadLabel() [with T = Label<NewGRFClass<StationSpec, PoolID<short unsigned int, StationClassIDTag, 65535, 65535> > >]’ at /home/flax/games/openspacettd/src/newgrf/newgrf_bytereader.h:106:20,
    inlined from ‘ChangeInfoResult StationChangeInfo(uint, uint, int, ByteReader&)’ at /home/flax/games/openspacettd/src/newgrf/newgrf_act0_stations.cpp:58:51:
/usr/include/c++/13/bits/ranges_algobase.h:274:27: warning: writing 1 byte into a region of size 0 [-Wstringop-overflow=]
  274 |                 *__result = *__first;
      |                 ~~~~~~~~~~^~~~~~~~~~
/usr/include/c++/13/array: In function ‘ChangeInfoResult StationChangeInfo(uint, uint, int, ByteReader&)’:
/usr/include/c++/13/array:109:55: note: at offset [22, 9223372036854775798] into destination object ‘std::array<unsigned char, 4>::_M_elems’ of size 4
  109 |       typename __array_traits<_Tp, _Nm>::_Type        _M_elems;
      |                                                       ^~~~~~~~
/usr/include/c++/13/array:109:55: note: at offset 6 into destination object ‘std::array<unsigned char, 4>::_M_elems’ of size 4
/usr/include/c++/13/array:109:55: note: at offset [22, 9223372036854775798] into destination object ‘std::array<unsigned char, 4>::_M_elems’ of size 4
/usr/include/c++/13/array:109:55: note: at offset 6 into destination object ‘std::array<unsigned char, 4>::_M_elems’ of size 4
[151/480] Building CXX object CMakeFiles/openttd_lib.dir/src/newgrf/newgrf_act0.cpp.o
In file included from /usr/include/c++/13/bits/ranges_algo.h:38,
                 from /usr/include/c++/13/algorithm:63,
                 from /home/flax/games/openspacettd/src/stdafx.h:43,
                 from /home/flax/games/openspacettd/build/CMakeFiles/openttd_lib.dir/cmake_pch.hxx:5,
                 from <command-line>:
In function ‘constexpr std::__conditional_t<_IsMove, std::ranges::in_out_result<_Iter, _Out>, std::ranges::in_out_result<_Iter, _Out> > std::ranges::__copy_or_move(_Iter, _Sent, _Out) [with bool _IsMove = false; _Iter = const char*; _Sent = const char*; _Out = unsigned char*]’,
    inlined from ‘constexpr std::ranges::copy_result<_Iter, _Out> std::ranges::__copy_fn::operator()(_Iter, _Sent, _Out) const [with _Iter = const char*; _Sent = const char*; _Out = unsigned char*]’ at /usr/include/c++/13/bits/ranges_algobase.h:303:38,
    inlined from ‘constexpr std::ranges::copy_result<std::ranges::borrowed_iterator_t<_Range>, _Out> std::ranges::__copy_fn::operator()(_Range&&, _Out) const [with _Range = std::basic_string_view<char>; _Out = unsigned char*]’ at /usr/include/c++/13/bits/ranges_algobase.h:313:16,
    inlined from ‘T ByteReader::ReadLabel() [with T = Label<GrfIDTag>]’ at /home/flax/games/openspacettd/src/newgrf/newgrf_bytereader.h:106:20,
    inlined from ‘void SafeChangeInfo(ByteReader&)’ at /home/flax/games/openspacettd/src/newgrf/newgrf_act0.cpp:259:35,
    inlined from ‘static void GrfActionHandler<TAction>::SafetyScan(ByteReader&) [with unsigned char TAction = 0]’ at /home/flax/games/openspacettd/src/newgrf/newgrf_act0.cpp:302:86:
/usr/include/c++/13/bits/ranges_algobase.h:274:27: warning: writing 1 byte into a region of size 0 [-Wstringop-overflow=]
  274 |                 *__result = *__first;
      |                 ~~~~~~~~~~^~~~~~~~~~
In file included from /home/flax/games/openspacettd/src/stdafx.h:44:
/usr/include/c++/13/array: In static member function ‘static void GrfActionHandler<TAction>::SafetyScan(ByteReader&) [with unsigned char TAction = 0]’:
/usr/include/c++/13/array:109:55: note: at offset [20, 9223372036854775796] into destination object ‘std::array<unsigned char, 4>::_M_elems’ of size 4
  109 |       typename __array_traits<_Tp, _Nm>::_Type        _M_elems;
      |                                                       ^~~~~~~~
/usr/include/c++/13/array:109:55: note: at offset 4 into destination object ‘std::array<unsigned char, 4>::_M_elems’ of size 4
/usr/include/c++/13/array:109:55: note: at offset 4 into destination object ‘std::array<unsigned char, 4>::_M_elems’ of size 4
/usr/include/c++/13/array:109:55: note: at offset [20, 9223372036854775796] into destination object ‘std::array<unsigned char, 4>::_M_elems’ of size 4
/usr/include/c++/13/array:109:55: note: at offset 4 into destination object ‘std::array<unsigned char, 4>::_M_elems’ of size 4
/usr/include/c++/13/array:109:55: note: at offset 4 into destination object ‘std::array<unsigned char, 4>::_M_elems’ of size 4
In function ‘constexpr std::__conditional_t<_IsMove, std::ranges::in_out_result<_Iter, _Out>, std::ranges::in_out_result<_Iter, _Out> > std::ranges::__copy_or_move(_Iter, _Sent, _Out) [with bool _IsMove = false; _Iter = const char*; _Sent = const char*; _Out = unsigned char*]’,
    inlined from ‘constexpr std::ranges::copy_result<_Iter, _Out> std::ranges::__copy_fn::operator()(_Iter, _Sent, _Out) const [with _Iter = const char*; _Sent = const char*; _Out = unsigned char*]’ at /usr/include/c++/13/bits/ranges_algobase.h:303:38,
    inlined from ‘constexpr std::ranges::copy_result<std::ranges::borrowed_iterator_t<_Range>, _Out> std::ranges::__copy_fn::operator()(_Range&&, _Out) const [with _Range = std::basic_string_view<char>; _Out = unsigned char*]’ at /usr/include/c++/13/bits/ranges_algobase.h:313:16,
    inlined from ‘T ByteReader::ReadLabel() [with T = Label<GrfIDTag>]’ at /home/flax/games/openspacettd/src/newgrf/newgrf_bytereader.h:106:20,
    inlined from ‘void SafeChangeInfo(ByteReader&)’ at /home/flax/games/openspacettd/src/newgrf/newgrf_act0.cpp:259:35,
    inlined from ‘static void GrfActionHandler<TAction>::SafetyScan(ByteReader&) [with unsigned char TAction = 0]’ at /home/flax/games/openspacettd/src/newgrf/newgrf_act0.cpp:302:86:
/usr/include/c++/13/bits/ranges_algobase.h:274:27: warning: writing 1 byte into a region of size 0 [-Wstringop-overflow=]
  274 |                 *__result = *__first;
      |                 ~~~~~~~~~~^~~~~~~~~~
/usr/include/c++/13/array: In static member function ‘static void GrfActionHandler<TAction>::SafetyScan(ByteReader&) [with unsigned char TAction = 0]’:
/usr/include/c++/13/array:109:55: note: at offset [21, 9223372036854775797] into destination object ‘std::array<unsigned char, 4>::_M_elems’ of size 4
  109 |       typename __array_traits<_Tp, _Nm>::_Type        _M_elems;
      |                                                       ^~~~~~~~
/usr/include/c++/13/array:109:55: note: at offset 5 into destination object ‘std::array<unsigned char, 4>::_M_elems’ of size 4
/usr/include/c++/13/array:109:55: note: at offset 5 into destination object ‘std::array<unsigned char, 4>::_M_elems’ of size 4
/usr/include/c++/13/array:109:55: note: at offset [21, 9223372036854775797] into destination object ‘std::array<unsigned char, 4>::_M_elems’ of size 4
/usr/include/c++/13/array:109:55: note: at offset 5 into destination object ‘std::array<unsigned char, 4>::_M_elems’ of size 4
/usr/include/c++/13/array:109:55: note: at offset 5 into destination object ‘std::array<unsigned char, 4>::_M_elems’ of size 4
In function ‘constexpr std::__conditional_t<_IsMove, std::ranges::in_out_result<_Iter, _Out>, std::ranges::in_out_result<_Iter, _Out> > std::ranges::__copy_or_move(_Iter, _Sent, _Out) [with bool _IsMove = false; _Iter = const char*; _Sent = const char*; _Out = unsigned char*]’,
    inlined from ‘constexpr std::ranges::copy_result<_Iter, _Out> std::ranges::__copy_fn::operator()(_Iter, _Sent, _Out) const [with _Iter = const char*; _Sent = const char*; _Out = unsigned char*]’ at /usr/include/c++/13/bits/ranges_algobase.h:303:38,
    inlined from ‘constexpr std::ranges::copy_result<std::ranges::borrowed_iterator_t<_Range>, _Out> std::ranges::__copy_fn::operator()(_Range&&, _Out) const [with _Range = std::basic_string_view<char>; _Out = unsigned char*]’ at /usr/include/c++/13/bits/ranges_algobase.h:313:16,
    inlined from ‘T ByteReader::ReadLabel() [with T = Label<GrfIDTag>]’ at /home/flax/games/openspacettd/src/newgrf/newgrf_bytereader.h:106:20,
    inlined from ‘void SafeChangeInfo(ByteReader&)’ at /home/flax/games/openspacettd/src/newgrf/newgrf_act0.cpp:259:35,
    inlined from ‘static void GrfActionHandler<TAction>::SafetyScan(ByteReader&) [with unsigned char TAction = 0]’ at /home/flax/games/openspacettd/src/newgrf/newgrf_act0.cpp:302:86:
/usr/include/c++/13/bits/ranges_algobase.h:274:27: warning: writing 1 byte into a region of size 0 [-Wstringop-overflow=]
  274 |                 *__result = *__first;
      |                 ~~~~~~~~~~^~~~~~~~~~
/usr/include/c++/13/array: In static member function ‘static void GrfActionHandler<TAction>::SafetyScan(ByteReader&) [with unsigned char TAction = 0]’:
/usr/include/c++/13/array:109:55: note: at offset [22, 9223372036854775798] into destination object ‘std::array<unsigned char, 4>::_M_elems’ of size 4
  109 |       typename __array_traits<_Tp, _Nm>::_Type        _M_elems;
      |                                                       ^~~~~~~~
/usr/include/c++/13/array:109:55: note: at offset 6 into destination object ‘std::array<unsigned char, 4>::_M_elems’ of size 4
/usr/include/c++/13/array:109:55: note: at offset 6 into destination object ‘std::array<unsigned char, 4>::_M_elems’ of size 4
/usr/include/c++/13/array:109:55: note: at offset [22, 9223372036854775798] into destination object ‘std::array<unsigned char, 4>::_M_elems’ of size 4
/usr/include/c++/13/array:109:55: note: at offset 6 into destination object ‘std::array<unsigned char, 4>::_M_elems’ of size 4
/usr/include/c++/13/array:109:55: note: at offset 6 into destination object ‘std::array<unsigned char, 4>::_M_elems’ of size 4
[152/480] Building CXX object CMakeFiles/openttd_lib.dir/src/newgrf/newgrf_act1.cpp.o
[153/480] Building CXX object CMakeFiles/openttd_lib.dir/src/newgrf/newgrf_act2.cpp.o
[154/480] Building CXX object CMakeFiles/openttd_lib.dir/src/newgrf/newgrf_act3.cpp.o
[155/480] Building CXX object CMakeFiles/openttd_lib.dir/src/newgrf/newgrf_act5.cpp.o
[156/480] Building CXX object CMakeFiles/openttd_lib.dir/src/newgrf/newgrf_act4.cpp.o
[157/480] Building CXX object CMakeFiles/openttd_lib.dir/src/newgrf/newgrf_act6.cpp.o
[158/480] Building CXX object CMakeFiles/openttd_lib.dir/src/newgrf/newgrf_act8.cpp.o
In file included from /usr/include/c++/13/bits/ranges_algo.h:38,
                 from /usr/include/c++/13/algorithm:63,
                 from /home/flax/games/openspacettd/src/stdafx.h:43,
                 from /home/flax/games/openspacettd/build/CMakeFiles/openttd_lib.dir/cmake_pch.hxx:5,
                 from <command-line>:
In function ‘constexpr std::__conditional_t<_IsMove, std::ranges::in_out_result<_Iter, _Out>, std::ranges::in_out_result<_Iter, _Out> > std::ranges::__copy_or_move(_Iter, _Sent, _Out) [with bool _IsMove = false; _Iter = const char*; _Sent = const char*; _Out = unsigned char*]’,
    inlined from ‘constexpr std::ranges::copy_result<_Iter, _Out> std::ranges::__copy_fn::operator()(_Iter, _Sent, _Out) const [with _Iter = const char*; _Sent = const char*; _Out = unsigned char*]’ at /usr/include/c++/13/bits/ranges_algobase.h:303:38,
    inlined from ‘constexpr std::ranges::copy_result<std::ranges::borrowed_iterator_t<_Range>, _Out> std::ranges::__copy_fn::operator()(_Range&&, _Out) const [with _Range = std::basic_string_view<char>; _Out = unsigned char*]’ at /usr/include/c++/13/bits/ranges_algobase.h:313:16,
    inlined from ‘T ByteReader::ReadLabel() [with T = Label<GrfIDTag>]’ at /home/flax/games/openspacettd/src/newgrf/newgrf_bytereader.h:106:20,
    inlined from ‘void ScanInfo(ByteReader&)’ at /home/flax/games/openspacettd/src/newgrf/newgrf_act8.cpp:24:36,
    inlined from ‘static void GrfActionHandler<TAction>::FileScan(ByteReader&) [with unsigned char TAction = 8]’ at /home/flax/games/openspacettd/src/newgrf/newgrf_act8.cpp:80:78:
/usr/include/c++/13/bits/ranges_algobase.h:274:27: warning: writing 1 byte into a region of size 0 [-Wstringop-overflow=]
  274 |                 *__result = *__first;
      |                 ~~~~~~~~~~^~~~~~~~~~
In file included from /home/flax/games/openspacettd/src/stdafx.h:44:
/usr/include/c++/13/array: In static member function ‘static void GrfActionHandler<TAction>::FileScan(ByteReader&) [with unsigned char TAction = 8]’:
/usr/include/c++/13/array:109:55: note: at offset [20, 9223372036854775796] into destination object ‘std::array<unsigned char, 4>::_M_elems’ of size 4
  109 |       typename __array_traits<_Tp, _Nm>::_Type        _M_elems;
      |                                                       ^~~~~~~~
/usr/include/c++/13/array:109:55: note: at offset 4 into destination object ‘std::array<unsigned char, 4>::_M_elems’ of size 4
/usr/include/c++/13/array:109:55: note: at offset 4 into destination object ‘std::array<unsigned char, 4>::_M_elems’ of size 4
/usr/include/c++/13/array:109:55: note: at offset [20, 9223372036854775796] into destination object ‘std::array<unsigned char, 4>::_M_elems’ of size 4
/usr/include/c++/13/array:109:55: note: at offset 4 into destination object ‘std::array<unsigned char, 4>::_M_elems’ of size 4
/usr/include/c++/13/array:109:55: note: at offset 4 into destination object ‘std::array<unsigned char, 4>::_M_elems’ of size 4
In function ‘constexpr std::__conditional_t<_IsMove, std::ranges::in_out_result<_Iter, _Out>, std::ranges::in_out_result<_Iter, _Out> > std::ranges::__copy_or_move(_Iter, _Sent, _Out) [with bool _IsMove = false; _Iter = const char*; _Sent = const char*; _Out = unsigned char*]’,
    inlined from ‘constexpr std::ranges::copy_result<_Iter, _Out> std::ranges::__copy_fn::operator()(_Iter, _Sent, _Out) const [with _Iter = const char*; _Sent = const char*; _Out = unsigned char*]’ at /usr/include/c++/13/bits/ranges_algobase.h:303:38,
    inlined from ‘constexpr std::ranges::copy_result<std::ranges::borrowed_iterator_t<_Range>, _Out> std::ranges::__copy_fn::operator()(_Range&&, _Out) const [with _Range = std::basic_string_view<char>; _Out = unsigned char*]’ at /usr/include/c++/13/bits/ranges_algobase.h:313:16,
    inlined from ‘T ByteReader::ReadLabel() [with T = Label<GrfIDTag>]’ at /home/flax/games/openspacettd/src/newgrf/newgrf_bytereader.h:106:20,
    inlined from ‘void ScanInfo(ByteReader&)’ at /home/flax/games/openspacettd/src/newgrf/newgrf_act8.cpp:24:36,
    inlined from ‘static void GrfActionHandler<TAction>::FileScan(ByteReader&) [with unsigned char TAction = 8]’ at /home/flax/games/openspacettd/src/newgrf/newgrf_act8.cpp:80:78:
/usr/include/c++/13/bits/ranges_algobase.h:274:27: warning: writing 1 byte into a region of size 0 [-Wstringop-overflow=]
  274 |                 *__result = *__first;
      |                 ~~~~~~~~~~^~~~~~~~~~
/usr/include/c++/13/array: In static member function ‘static void GrfActionHandler<TAction>::FileScan(ByteReader&) [with unsigned char TAction = 8]’:
/usr/include/c++/13/array:109:55: note: at offset [21, 9223372036854775797] into destination object ‘std::array<unsigned char, 4>::_M_elems’ of size 4
  109 |       typename __array_traits<_Tp, _Nm>::_Type        _M_elems;
      |                                                       ^~~~~~~~
/usr/include/c++/13/array:109:55: note: at offset 5 into destination object ‘std::array<unsigned char, 4>::_M_elems’ of size 4
/usr/include/c++/13/array:109:55: note: at offset 5 into destination object ‘std::array<unsigned char, 4>::_M_elems’ of size 4
/usr/include/c++/13/array:109:55: note: at offset [21, 9223372036854775797] into destination object ‘std::array<unsigned char, 4>::_M_elems’ of size 4
/usr/include/c++/13/array:109:55: note: at offset 5 into destination object ‘std::array<unsigned char, 4>::_M_elems’ of size 4
/usr/include/c++/13/array:109:55: note: at offset 5 into destination object ‘std::array<unsigned char, 4>::_M_elems’ of size 4
In function ‘constexpr std::__conditional_t<_IsMove, std::ranges::in_out_result<_Iter, _Out>, std::ranges::in_out_result<_Iter, _Out> > std::ranges::__copy_or_move(_Iter, _Sent, _Out) [with bool _IsMove = false; _Iter = const char*; _Sent = const char*; _Out = unsigned char*]’,
    inlined from ‘constexpr std::ranges::copy_result<_Iter, _Out> std::ranges::__copy_fn::operator()(_Iter, _Sent, _Out) const [with _Iter = const char*; _Sent = const char*; _Out = unsigned char*]’ at /usr/include/c++/13/bits/ranges_algobase.h:303:38,
    inlined from ‘constexpr std::ranges::copy_result<std::ranges::borrowed_iterator_t<_Range>, _Out> std::ranges::__copy_fn::operator()(_Range&&, _Out) const [with _Range = std::basic_string_view<char>; _Out = unsigned char*]’ at /usr/include/c++/13/bits/ranges_algobase.h:313:16,
    inlined from ‘T ByteReader::ReadLabel() [with T = Label<GrfIDTag>]’ at /home/flax/games/openspacettd/src/newgrf/newgrf_bytereader.h:106:20,
    inlined from ‘void ScanInfo(ByteReader&)’ at /home/flax/games/openspacettd/src/newgrf/newgrf_act8.cpp:24:36,
    inlined from ‘static void GrfActionHandler<TAction>::FileScan(ByteReader&) [with unsigned char TAction = 8]’ at /home/flax/games/openspacettd/src/newgrf/newgrf_act8.cpp:80:78:
/usr/include/c++/13/bits/ranges_algobase.h:274:27: warning: writing 1 byte into a region of size 0 [-Wstringop-overflow=]
  274 |                 *__result = *__first;
      |                 ~~~~~~~~~~^~~~~~~~~~
/usr/include/c++/13/array: In static member function ‘static void GrfActionHandler<TAction>::FileScan(ByteReader&) [with unsigned char TAction = 8]’:
/usr/include/c++/13/array:109:55: note: at offset [22, 9223372036854775798] into destination object ‘std::array<unsigned char, 4>::_M_elems’ of size 4
  109 |       typename __array_traits<_Tp, _Nm>::_Type        _M_elems;
      |                                                       ^~~~~~~~
/usr/include/c++/13/array:109:55: note: at offset 6 into destination object ‘std::array<unsigned char, 4>::_M_elems’ of size 4
/usr/include/c++/13/array:109:55: note: at offset 6 into destination object ‘std::array<unsigned char, 4>::_M_elems’ of size 4
/usr/include/c++/13/array:109:55: note: at offset [22, 9223372036854775798] into destination object ‘std::array<unsigned char, 4>::_M_elems’ of size 4
/usr/include/c++/13/array:109:55: note: at offset 6 into destination object ‘std::array<unsigned char, 4>::_M_elems’ of size 4
/usr/include/c++/13/array:109:55: note: at offset 6 into destination object ‘std::array<unsigned char, 4>::_M_elems’ of size 4
In function ‘constexpr std::__conditional_t<_IsMove, std::ranges::in_out_result<_Iter, _Out>, std::ranges::in_out_result<_Iter, _Out> > std::ranges::__copy_or_move(_Iter, _Sent, _Out) [with bool _IsMove = false; _Iter = const char*; _Sent = const char*; _Out = unsigned char*]’,
    inlined from ‘constexpr std::ranges::copy_result<_Iter, _Out> std::ranges::__copy_fn::operator()(_Iter, _Sent, _Out) const [with _Iter = const char*; _Sent = const char*; _Out = unsigned char*]’ at /usr/include/c++/13/bits/ranges_algobase.h:303:38,
    inlined from ‘constexpr std::ranges::copy_result<std::ranges::borrowed_iterator_t<_Range>, _Out> std::ranges::__copy_fn::operator()(_Range&&, _Out) const [with _Range = std::basic_string_view<char>; _Out = unsigned char*]’ at /usr/include/c++/13/bits/ranges_algobase.h:313:16,
    inlined from ‘T ByteReader::ReadLabel() [with T = Label<GrfIDTag>]’ at /home/flax/games/openspacettd/src/newgrf/newgrf_bytereader.h:106:20,
    inlined from ‘void GRFInfo(ByteReader&)’ at /home/flax/games/openspacettd/src/newgrf/newgrf_act8.cpp:59:36:
/usr/include/c++/13/bits/ranges_algobase.h:274:27: warning: writing 1 byte into a region of size 0 [-Wstringop-overflow=]
  274 |                 *__result = *__first;
      |                 ~~~~~~~~~~^~~~~~~~~~
/usr/include/c++/13/array: In function ‘void GRFInfo(ByteReader&)’:
/usr/include/c++/13/array:109:55: note: at offset [20, 9223372036854775796] into destination object ‘std::array<unsigned char, 4>::_M_elems’ of size 4
  109 |       typename __array_traits<_Tp, _Nm>::_Type        _M_elems;
      |                                                       ^~~~~~~~
/usr/include/c++/13/array:109:55: note: at offset 4 into destination object ‘std::array<unsigned char, 4>::_M_elems’ of size 4
/usr/include/c++/13/array:109:55: note: at offset 4 into destination object ‘std::array<unsigned char, 4>::_M_elems’ of size 4
/usr/include/c++/13/array:109:55: note: at offset [20, 9223372036854775796] into destination object ‘std::array<unsigned char, 4>::_M_elems’ of size 4
/usr/include/c++/13/array:109:55: note: at offset 4 into destination object ‘std::array<unsigned char, 4>::_M_elems’ of size 4
/usr/include/c++/13/array:109:55: note: at offset 4 into destination object ‘std::array<unsigned char, 4>::_M_elems’ of size 4
In function ‘constexpr std::__conditional_t<_IsMove, std::ranges::in_out_result<_Iter, _Out>, std::ranges::in_out_result<_Iter, _Out> > std::ranges::__copy_or_move(_Iter, _Sent, _Out) [with bool _IsMove = false; _Iter = const char*; _Sent = const char*; _Out = unsigned char*]’,
    inlined from ‘constexpr std::ranges::copy_result<_Iter, _Out> std::ranges::__copy_fn::operator()(_Iter, _Sent, _Out) const [with _Iter = const char*; _Sent = const char*; _Out = unsigned char*]’ at /usr/include/c++/13/bits/ranges_algobase.h:303:38,
    inlined from ‘constexpr std::ranges::copy_result<std::ranges::borrowed_iterator_t<_Range>, _Out> std::ranges::__copy_fn::operator()(_Range&&, _Out) const [with _Range = std::basic_string_view<char>; _Out = unsigned char*]’ at /usr/include/c++/13/bits/ranges_algobase.h:313:16,
    inlined from ‘T ByteReader::ReadLabel() [with T = Label<GrfIDTag>]’ at /home/flax/games/openspacettd/src/newgrf/newgrf_bytereader.h:106:20,
    inlined from ‘void GRFInfo(ByteReader&)’ at /home/flax/games/openspacettd/src/newgrf/newgrf_act8.cpp:59:36:
/usr/include/c++/13/bits/ranges_algobase.h:274:27: warning: writing 1 byte into a region of size 0 [-Wstringop-overflow=]
  274 |                 *__result = *__first;
      |                 ~~~~~~~~~~^~~~~~~~~~
/usr/include/c++/13/array: In function ‘void GRFInfo(ByteReader&)’:
/usr/include/c++/13/array:109:55: note: at offset [21, 9223372036854775797] into destination object ‘std::array<unsigned char, 4>::_M_elems’ of size 4
  109 |       typename __array_traits<_Tp, _Nm>::_Type        _M_elems;
      |                                                       ^~~~~~~~
/usr/include/c++/13/array:109:55: note: at offset 5 into destination object ‘std::array<unsigned char, 4>::_M_elems’ of size 4
/usr/include/c++/13/array:109:55: note: at offset 5 into destination object ‘std::array<unsigned char, 4>::_M_elems’ of size 4
/usr/include/c++/13/array:109:55: note: at offset [21, 9223372036854775797] into destination object ‘std::array<unsigned char, 4>::_M_elems’ of size 4
/usr/include/c++/13/array:109:55: note: at offset 5 into destination object ‘std::array<unsigned char, 4>::_M_elems’ of size 4
/usr/include/c++/13/array:109:55: note: at offset 5 into destination object ‘std::array<unsigned char, 4>::_M_elems’ of size 4
In function ‘constexpr std::__conditional_t<_IsMove, std::ranges::in_out_result<_Iter, _Out>, std::ranges::in_out_result<_Iter, _Out> > std::ranges::__copy_or_move(_Iter, _Sent, _Out) [with bool _IsMove = false; _Iter = const char*; _Sent = const char*; _Out = unsigned char*]’,
    inlined from ‘constexpr std::ranges::copy_result<_Iter, _Out> std::ranges::__copy_fn::operator()(_Iter, _Sent, _Out) const [with _Iter = const char*; _Sent = const char*; _Out = unsigned char*]’ at /usr/include/c++/13/bits/ranges_algobase.h:303:38,
    inlined from ‘constexpr std::ranges::copy_result<std::ranges::borrowed_iterator_t<_Range>, _Out> std::ranges::__copy_fn::operator()(_Range&&, _Out) const [with _Range = std::basic_string_view<char>; _Out = unsigned char*]’ at /usr/include/c++/13/bits/ranges_algobase.h:313:16,
    inlined from ‘T ByteReader::ReadLabel() [with T = Label<GrfIDTag>]’ at /home/flax/games/openspacettd/src/newgrf/newgrf_bytereader.h:106:20,
    inlined from ‘void GRFInfo(ByteReader&)’ at /home/flax/games/openspacettd/src/newgrf/newgrf_act8.cpp:59:36:
/usr/include/c++/13/bits/ranges_algobase.h:274:27: warning: writing 1 byte into a region of size 0 [-Wstringop-overflow=]
  274 |                 *__result = *__first;
      |                 ~~~~~~~~~~^~~~~~~~~~
/usr/include/c++/13/array: In function ‘void GRFInfo(ByteReader&)’:
/usr/include/c++/13/array:109:55: note: at offset [22, 9223372036854775798] into destination object ‘std::array<unsigned char, 4>::_M_elems’ of size 4
  109 |       typename __array_traits<_Tp, _Nm>::_Type        _M_elems;
      |                                                       ^~~~~~~~
/usr/include/c++/13/array:109:55: note: at offset 6 into destination object ‘std::array<unsigned char, 4>::_M_elems’ of size 4
/usr/include/c++/13/array:109:55: note: at offset 6 into destination object ‘std::array<unsigned char, 4>::_M_elems’ of size 4
/usr/include/c++/13/array:109:55: note: at offset [22, 9223372036854775798] into destination object ‘std::array<unsigned char, 4>::_M_elems’ of size 4
/usr/include/c++/13/array:109:55: note: at offset 6 into destination object ‘std::array<unsigned char, 4>::_M_elems’ of size 4
/usr/include/c++/13/array:109:55: note: at offset 6 into destination object ‘std::array<unsigned char, 4>::_M_elems’ of size 4
[159/480] Building CXX object CMakeFiles/openttd_lib.dir/src/newgrf/newgrf_act7_9.cpp.o
[160/480] Building CXX object CMakeFiles/openttd_lib.dir/src/newgrf/newgrf_acta.cpp.o
[161/480] Building CXX object CMakeFiles/openttd_lib.dir/src/newgrf/newgrf_actb.cpp.o
[162/480] Building CXX object CMakeFiles/openttd_lib.dir/src/newgrf/newgrf_actc.cpp.o
[163/480] Building CXX object CMakeFiles/openttd_lib.dir/src/newgrf/newgrf_acte.cpp.o
In file included from /usr/include/c++/13/bits/ranges_algo.h:38,
                 from /usr/include/c++/13/algorithm:63,
                 from /home/flax/games/openspacettd/src/stdafx.h:43,
                 from /home/flax/games/openspacettd/build/CMakeFiles/openttd_lib.dir/cmake_pch.hxx:5,
                 from <command-line>:
In function ‘constexpr std::__conditional_t<_IsMove, std::ranges::in_out_result<_Iter, _Out>, std::ranges::in_out_result<_Iter, _Out> > std::ranges::__copy_or_move(_Iter, _Sent, _Out) [with bool _IsMove = false; _Iter = const char*; _Sent = const char*; _Out = unsigned char*]’,
    inlined from ‘constexpr std::ranges::copy_result<_Iter, _Out> std::ranges::__copy_fn::operator()(_Iter, _Sent, _Out) const [with _Iter = const char*; _Sent = const char*; _Out = unsigned char*]’ at /usr/include/c++/13/bits/ranges_algobase.h:303:38,
    inlined from ‘constexpr std::ranges::copy_result<std::ranges::borrowed_iterator_t<_Range>, _Out> std::ranges::__copy_fn::operator()(_Range&&, _Out) const [with _Range = std::basic_string_view<char>; _Out = unsigned char*]’ at /usr/include/c++/13/bits/ranges_algobase.h:313:16,
    inlined from ‘T ByteReader::ReadLabel() [with T = Label<GrfIDTag>]’ at /home/flax/games/openspacettd/src/newgrf/newgrf_bytereader.h:106:20,
    inlined from ‘void SafeGRFInhibit(ByteReader&)’ at /home/flax/games/openspacettd/src/newgrf/newgrf_acte.cpp:30:37,
    inlined from ‘static void GrfActionHandler<TAction>::SafetyScan(ByteReader&) [with unsigned char TAction = 14]’ at /home/flax/games/openspacettd/src/newgrf/newgrf_acte.cpp:66:86:
/usr/include/c++/13/bits/ranges_algobase.h:274:27: warning: writing 1 byte into a region of size 0 [-Wstringop-overflow=]
  274 |                 *__result = *__first;
      |                 ~~~~~~~~~~^~~~~~~~~~
In file included from /home/flax/games/openspacettd/src/stdafx.h:44:
/usr/include/c++/13/array: In static member function ‘static void GrfActionHandler<TAction>::SafetyScan(ByteReader&) [with unsigned char TAction = 14]’:
/usr/include/c++/13/array:109:55: note: at offset [20, 9223372036854775796] into destination object ‘std::array<unsigned char, 4>::_M_elems’ of size 4
  109 |       typename __array_traits<_Tp, _Nm>::_Type        _M_elems;
      |                                                       ^~~~~~~~
/usr/include/c++/13/array:109:55: note: at offset 4 into destination object ‘std::array<unsigned char, 4>::_M_elems’ of size 4
/usr/include/c++/13/array:109:55: note: at offset 4 into destination object ‘std::array<unsigned char, 4>::_M_elems’ of size 4
/usr/include/c++/13/array:109:55: note: at offset [20, 9223372036854775796] into destination object ‘std::array<unsigned char, 4>::_M_elems’ of size 4
/usr/include/c++/13/array:109:55: note: at offset 4 into destination object ‘std::array<unsigned char, 4>::_M_elems’ of size 4
/usr/include/c++/13/array:109:55: note: at offset 4 into destination object ‘std::array<unsigned char, 4>::_M_elems’ of size 4
In function ‘constexpr std::__conditional_t<_IsMove, std::ranges::in_out_result<_Iter, _Out>, std::ranges::in_out_result<_Iter, _Out> > std::ranges::__copy_or_move(_Iter, _Sent, _Out) [with bool _IsMove = false; _Iter = const char*; _Sent = const char*; _Out = unsigned char*]’,
    inlined from ‘constexpr std::ranges::copy_result<_Iter, _Out> std::ranges::__copy_fn::operator()(_Iter, _Sent, _Out) const [with _Iter = const char*; _Sent = const char*; _Out = unsigned char*]’ at /usr/include/c++/13/bits/ranges_algobase.h:303:38,
    inlined from ‘constexpr std::ranges::copy_result<std::ranges::borrowed_iterator_t<_Range>, _Out> std::ranges::__copy_fn::operator()(_Range&&, _Out) const [with _Range = std::basic_string_view<char>; _Out = unsigned char*]’ at /usr/include/c++/13/bits/ranges_algobase.h:313:16,
    inlined from ‘T ByteReader::ReadLabel() [with T = Label<GrfIDTag>]’ at /home/flax/games/openspacettd/src/newgrf/newgrf_bytereader.h:106:20,
    inlined from ‘void SafeGRFInhibit(ByteReader&)’ at /home/flax/games/openspacettd/src/newgrf/newgrf_acte.cpp:30:37,
    inlined from ‘static void GrfActionHandler<TAction>::SafetyScan(ByteReader&) [with unsigned char TAction = 14]’ at /home/flax/games/openspacettd/src/newgrf/newgrf_acte.cpp:66:86:
/usr/include/c++/13/bits/ranges_algobase.h:274:27: warning: writing 1 byte into a region of size 0 [-Wstringop-overflow=]
  274 |                 *__result = *__first;
      |                 ~~~~~~~~~~^~~~~~~~~~
/usr/include/c++/13/array: In static member function ‘static void GrfActionHandler<TAction>::SafetyScan(ByteReader&) [with unsigned char TAction = 14]’:
/usr/include/c++/13/array:109:55: note: at offset [21, 9223372036854775797] into destination object ‘std::array<unsigned char, 4>::_M_elems’ of size 4
  109 |       typename __array_traits<_Tp, _Nm>::_Type        _M_elems;
      |                                                       ^~~~~~~~
/usr/include/c++/13/array:109:55: note: at offset 5 into destination object ‘std::array<unsigned char, 4>::_M_elems’ of size 4
/usr/include/c++/13/array:109:55: note: at offset 5 into destination object ‘std::array<unsigned char, 4>::_M_elems’ of size 4
/usr/include/c++/13/array:109:55: note: at offset [21, 9223372036854775797] into destination object ‘std::array<unsigned char, 4>::_M_elems’ of size 4
/usr/include/c++/13/array:109:55: note: at offset 5 into destination object ‘std::array<unsigned char, 4>::_M_elems’ of size 4
/usr/include/c++/13/array:109:55: note: at offset 5 into destination object ‘std::array<unsigned char, 4>::_M_elems’ of size 4
In function ‘constexpr std::__conditional_t<_IsMove, std::ranges::in_out_result<_Iter, _Out>, std::ranges::in_out_result<_Iter, _Out> > std::ranges::__copy_or_move(_Iter, _Sent, _Out) [with bool _IsMove = false; _Iter = const char*; _Sent = const char*; _Out = unsigned char*]’,
    inlined from ‘constexpr std::ranges::copy_result<_Iter, _Out> std::ranges::__copy_fn::operator()(_Iter, _Sent, _Out) const [with _Iter = const char*; _Sent = const char*; _Out = unsigned char*]’ at /usr/include/c++/13/bits/ranges_algobase.h:303:38,
    inlined from ‘constexpr std::ranges::copy_result<std::ranges::borrowed_iterator_t<_Range>, _Out> std::ranges::__copy_fn::operator()(_Range&&, _Out) const [with _Range = std::basic_string_view<char>; _Out = unsigned char*]’ at /usr/include/c++/13/bits/ranges_algobase.h:313:16,
    inlined from ‘T ByteReader::ReadLabel() [with T = Label<GrfIDTag>]’ at /home/flax/games/openspacettd/src/newgrf/newgrf_bytereader.h:106:20,
    inlined from ‘void SafeGRFInhibit(ByteReader&)’ at /home/flax/games/openspacettd/src/newgrf/newgrf_acte.cpp:30:37,
    inlined from ‘static void GrfActionHandler<TAction>::SafetyScan(ByteReader&) [with unsigned char TAction = 14]’ at /home/flax/games/openspacettd/src/newgrf/newgrf_acte.cpp:66:86:
/usr/include/c++/13/bits/ranges_algobase.h:274:27: warning: writing 1 byte into a region of size 0 [-Wstringop-overflow=]
  274 |                 *__result = *__first;
      |                 ~~~~~~~~~~^~~~~~~~~~
/usr/include/c++/13/array: In static member function ‘static void GrfActionHandler<TAction>::SafetyScan(ByteReader&) [with unsigned char TAction = 14]’:
/usr/include/c++/13/array:109:55: note: at offset [22, 9223372036854775798] into destination object ‘std::array<unsigned char, 4>::_M_elems’ of size 4
  109 |       typename __array_traits<_Tp, _Nm>::_Type        _M_elems;
      |                                                       ^~~~~~~~
/usr/include/c++/13/array:109:55: note: at offset 6 into destination object ‘std::array<unsigned char, 4>::_M_elems’ of size 4
/usr/include/c++/13/array:109:55: note: at offset 6 into destination object ‘std::array<unsigned char, 4>::_M_elems’ of size 4
/usr/include/c++/13/array:109:55: note: at offset [22, 9223372036854775798] into destination object ‘std::array<unsigned char, 4>::_M_elems’ of size 4
/usr/include/c++/13/array:109:55: note: at offset 6 into destination object ‘std::array<unsigned char, 4>::_M_elems’ of size 4
/usr/include/c++/13/array:109:55: note: at offset 6 into destination object ‘std::array<unsigned char, 4>::_M_elems’ of size 4
In function ‘constexpr std::__conditional_t<_IsMove, std::ranges::in_out_result<_Iter, _Out>, std::ranges::in_out_result<_Iter, _Out> > std::ranges::__copy_or_move(_Iter, _Sent, _Out) [with bool _IsMove = false; _Iter = const char*; _Sent = const char*; _Out = unsigned char*]’,
    inlined from ‘constexpr std::ranges::copy_result<_Iter, _Out> std::ranges::__copy_fn::operator()(_Iter, _Sent, _Out) const [with _Iter = const char*; _Sent = const char*; _Out = unsigned char*]’ at /usr/include/c++/13/bits/ranges_algobase.h:303:38,
    inlined from ‘constexpr std::ranges::copy_result<std::ranges::borrowed_iterator_t<_Range>, _Out> std::ranges::__copy_fn::operator()(_Range&&, _Out) const [with _Range = std::basic_string_view<char>; _Out = unsigned char*]’ at /usr/include/c++/13/bits/ranges_algobase.h:313:16,
    inlined from ‘T ByteReader::ReadLabel() [with T = Label<GrfIDTag>]’ at /home/flax/games/openspacettd/src/newgrf/newgrf_bytereader.h:106:20,
    inlined from ‘void GRFInhibit(ByteReader&)’ at /home/flax/games/openspacettd/src/newgrf/newgrf_acte.cpp:51:37:
/usr/include/c++/13/bits/ranges_algobase.h:274:27: warning: writing 1 byte into a region of size 0 [-Wstringop-overflow=]
  274 |                 *__result = *__first;
      |                 ~~~~~~~~~~^~~~~~~~~~
/usr/include/c++/13/array: In function ‘void GRFInhibit(ByteReader&)’:
/usr/include/c++/13/array:109:55: note: at offset [20, 9223372036854775796] into destination object ‘std::array<unsigned char, 4>::_M_elems’ of size 4
  109 |       typename __array_traits<_Tp, _Nm>::_Type        _M_elems;
      |                                                       ^~~~~~~~
/usr/include/c++/13/array:109:55: note: at offset 4 into destination object ‘std::array<unsigned char, 4>::_M_elems’ of size 4
/usr/include/c++/13/array:109:55: note: at offset 4 into destination object ‘std::array<unsigned char, 4>::_M_elems’ of size 4
/usr/include/c++/13/array:109:55: note: at offset [20, 9223372036854775796] into destination object ‘std::array<unsigned char, 4>::_M_elems’ of size 4
/usr/include/c++/13/array:109:55: note: at offset 4 into destination object ‘std::array<unsigned char, 4>::_M_elems’ of size 4
/usr/include/c++/13/array:109:55: note: at offset 4 into destination object ‘std::array<unsigned char, 4>::_M_elems’ of size 4
In function ‘constexpr std::__conditional_t<_IsMove, std::ranges::in_out_result<_Iter, _Out>, std::ranges::in_out_result<_Iter, _Out> > std::ranges::__copy_or_move(_Iter, _Sent, _Out) [with bool _IsMove = false; _Iter = const char*; _Sent = const char*; _Out = unsigned char*]’,
    inlined from ‘constexpr std::ranges::copy_result<_Iter, _Out> std::ranges::__copy_fn::operator()(_Iter, _Sent, _Out) const [with _Iter = const char*; _Sent = const char*; _Out = unsigned char*]’ at /usr/include/c++/13/bits/ranges_algobase.h:303:38,
    inlined from ‘constexpr std::ranges::copy_result<std::ranges::borrowed_iterator_t<_Range>, _Out> std::ranges::__copy_fn::operator()(_Range&&, _Out) const [with _Range = std::basic_string_view<char>; _Out = unsigned char*]’ at /usr/include/c++/13/bits/ranges_algobase.h:313:16,
    inlined from ‘T ByteReader::ReadLabel() [with T = Label<GrfIDTag>]’ at /home/flax/games/openspacettd/src/newgrf/newgrf_bytereader.h:106:20,
    inlined from ‘void GRFInhibit(ByteReader&)’ at /home/flax/games/openspacettd/src/newgrf/newgrf_acte.cpp:51:37:
/usr/include/c++/13/bits/ranges_algobase.h:274:27: warning: writing 1 byte into a region of size 0 [-Wstringop-overflow=]
  274 |                 *__result = *__first;
      |                 ~~~~~~~~~~^~~~~~~~~~
/usr/include/c++/13/array: In function ‘void GRFInhibit(ByteReader&)’:
/usr/include/c++/13/array:109:55: note: at offset [21, 9223372036854775797] into destination object ‘std::array<unsigned char, 4>::_M_elems’ of size 4
  109 |       typename __array_traits<_Tp, _Nm>::_Type        _M_elems;
      |                                                       ^~~~~~~~
/usr/include/c++/13/array:109:55: note: at offset 5 into destination object ‘std::array<unsigned char, 4>::_M_elems’ of size 4
/usr/include/c++/13/array:109:55: note: at offset 5 into destination object ‘std::array<unsigned char, 4>::_M_elems’ of size 4
/usr/include/c++/13/array:109:55: note: at offset [21, 9223372036854775797] into destination object ‘std::array<unsigned char, 4>::_M_elems’ of size 4
/usr/include/c++/13/array:109:55: note: at offset 5 into destination object ‘std::array<unsigned char, 4>::_M_elems’ of size 4
/usr/include/c++/13/array:109:55: note: at offset 5 into destination object ‘std::array<unsigned char, 4>::_M_elems’ of size 4
In function ‘constexpr std::__conditional_t<_IsMove, std::ranges::in_out_result<_Iter, _Out>, std::ranges::in_out_result<_Iter, _Out> > std::ranges::__copy_or_move(_Iter, _Sent, _Out) [with bool _IsMove = false; _Iter = const char*; _Sent = const char*; _Out = unsigned char*]’,
    inlined from ‘constexpr std::ranges::copy_result<_Iter, _Out> std::ranges::__copy_fn::operator()(_Iter, _Sent, _Out) const [with _Iter = const char*; _Sent = const char*; _Out = unsigned char*]’ at /usr/include/c++/13/bits/ranges_algobase.h:303:38,
    inlined from ‘constexpr std::ranges::copy_result<std::ranges::borrowed_iterator_t<_Range>, _Out> std::ranges::__copy_fn::operator()(_Range&&, _Out) const [with _Range = std::basic_string_view<char>; _Out = unsigned char*]’ at /usr/include/c++/13/bits/ranges_algobase.h:313:16,
    inlined from ‘T ByteReader::ReadLabel() [with T = Label<GrfIDTag>]’ at /home/flax/games/openspacettd/src/newgrf/newgrf_bytereader.h:106:20,
    inlined from ‘void GRFInhibit(ByteReader&)’ at /home/flax/games/openspacettd/src/newgrf/newgrf_acte.cpp:51:37:
/usr/include/c++/13/bits/ranges_algobase.h:274:27: warning: writing 1 byte into a region of size 0 [-Wstringop-overflow=]
  274 |                 *__result = *__first;
      |                 ~~~~~~~~~~^~~~~~~~~~
/usr/include/c++/13/array: In function ‘void GRFInhibit(ByteReader&)’:
/usr/include/c++/13/array:109:55: note: at offset [22, 9223372036854775798] into destination object ‘std::array<unsigned char, 4>::_M_elems’ of size 4
  109 |       typename __array_traits<_Tp, _Nm>::_Type        _M_elems;
      |                                                       ^~~~~~~~
/usr/include/c++/13/array:109:55: note: at offset 6 into destination object ‘std::array<unsigned char, 4>::_M_elems’ of size 4
/usr/include/c++/13/array:109:55: note: at offset 6 into destination object ‘std::array<unsigned char, 4>::_M_elems’ of size 4
/usr/include/c++/13/array:109:55: note: at offset [22, 9223372036854775798] into destination object ‘std::array<unsigned char, 4>::_M_elems’ of size 4
/usr/include/c++/13/array:109:55: note: at offset 6 into destination object ‘std::array<unsigned char, 4>::_M_elems’ of size 4
/usr/include/c++/13/array:109:55: note: at offset 6 into destination object ‘std::array<unsigned char, 4>::_M_elems’ of size 4
[164/480] Building CXX object CMakeFiles/openttd_lib.dir/src/newgrf/newgrf_actd.cpp.o
[165/480] Building CXX object CMakeFiles/openttd_lib.dir/src/newgrf/newgrf_actf.cpp.o
[166/480] Building CXX object CMakeFiles/openttd_lib.dir/src/newgrf/newgrf_act10.cpp.o
[167/480] Building CXX object CMakeFiles/openttd_lib.dir/src/newgrf/newgrf_act11.cpp.o
[168/480] Building CXX object CMakeFiles/openttd_lib.dir/src/newgrf/newgrf_act12.cpp.o
[169/480] Building CXX object CMakeFiles/openttd_lib.dir/src/newgrf/newgrf_act13.cpp.o
In file included from /usr/include/c++/13/bits/ranges_algo.h:38,
                 from /usr/include/c++/13/algorithm:63,
                 from /home/flax/games/openspacettd/src/stdafx.h:43,
                 from /home/flax/games/openspacettd/build/CMakeFiles/openttd_lib.dir/cmake_pch.hxx:5,
                 from <command-line>:
In function ‘constexpr std::__conditional_t<_IsMove, std::ranges::in_out_result<_Iter, _Out>, std::ranges::in_out_result<_Iter, _Out> > std::ranges::__copy_or_move(_Iter, _Sent, _Out) [with bool _IsMove = false; _Iter = const char*; _Sent = const char*; _Out = unsigned char*]’,
    inlined from ‘constexpr std::ranges::copy_result<_Iter, _Out> std::ranges::__copy_fn::operator()(_Iter, _Sent, _Out) const [with _Iter = const char*; _Sent = const char*; _Out = unsigned char*]’ at /usr/include/c++/13/bits/ranges_algobase.h:303:38,
    inlined from ‘constexpr std::ranges::copy_result<std::ranges::borrowed_iterator_t<_Range>, _Out> std::ranges::__copy_fn::operator()(_Range&&, _Out) const [with _Range = std::basic_string_view<char>; _Out = unsigned char*]’ at /usr/include/c++/13/bits/ranges_algobase.h:313:16,
    inlined from ‘T ByteReader::ReadLabel() [with T = Label<GrfIDTag>]’ at /home/flax/games/openspacettd/src/newgrf/newgrf_bytereader.h:106:20,
    inlined from ‘void TranslateGRFStrings(ByteReader&)’ at /home/flax/games/openspacettd/src/newgrf/newgrf_act13.cpp:35:36:
/usr/include/c++/13/bits/ranges_algobase.h:274:27: warning: writing 1 byte into a region of size 0 [-Wstringop-overflow=]
  274 |                 *__result = *__first;
      |                 ~~~~~~~~~~^~~~~~~~~~
In file included from /home/flax/games/openspacettd/src/stdafx.h:44:
/usr/include/c++/13/array: In function ‘void TranslateGRFStrings(ByteReader&)’:
/usr/include/c++/13/array:109:55: note: at offset [20, 9223372036854775796] into destination object ‘std::array<unsigned char, 4>::_M_elems’ of size 4
  109 |       typename __array_traits<_Tp, _Nm>::_Type        _M_elems;
      |                                                       ^~~~~~~~
/usr/include/c++/13/array:109:55: note: at offset 4 into destination object ‘std::array<unsigned char, 4>::_M_elems’ of size 4
/usr/include/c++/13/array:109:55: note: at offset 4 into destination object ‘std::array<unsigned char, 4>::_M_elems’ of size 4
/usr/include/c++/13/array:109:55: note: at offset [20, 9223372036854775796] into destination object ‘std::array<unsigned char, 4>::_M_elems’ of size 4
/usr/include/c++/13/array:109:55: note: at offset 4 into destination object ‘std::array<unsigned char, 4>::_M_elems’ of size 4
/usr/include/c++/13/array:109:55: note: at offset 4 into destination object ‘std::array<unsigned char, 4>::_M_elems’ of size 4
In function ‘constexpr std::__conditional_t<_IsMove, std::ranges::in_out_result<_Iter, _Out>, std::ranges::in_out_result<_Iter, _Out> > std::ranges::__copy_or_move(_Iter, _Sent, _Out) [with bool _IsMove = false; _Iter = const char*; _Sent = const char*; _Out = unsigned char*]’,
    inlined from ‘constexpr std::ranges::copy_result<_Iter, _Out> std::ranges::__copy_fn::operator()(_Iter, _Sent, _Out) const [with _Iter = const char*; _Sent = const char*; _Out = unsigned char*]’ at /usr/include/c++/13/bits/ranges_algobase.h:303:38,
    inlined from ‘constexpr std::ranges::copy_result<std::ranges::borrowed_iterator_t<_Range>, _Out> std::ranges::__copy_fn::operator()(_Range&&, _Out) const [with _Range = std::basic_string_view<char>; _Out = unsigned char*]’ at /usr/include/c++/13/bits/ranges_algobase.h:313:16,
    inlined from ‘T ByteReader::ReadLabel() [with T = Label<GrfIDTag>]’ at /home/flax/games/openspacettd/src/newgrf/newgrf_bytereader.h:106:20,
    inlined from ‘void TranslateGRFStrings(ByteReader&)’ at /home/flax/games/openspacettd/src/newgrf/newgrf_act13.cpp:35:36:
/usr/include/c++/13/bits/ranges_algobase.h:274:27: warning: writing 1 byte into a region of size 0 [-Wstringop-overflow=]
  274 |                 *__result = *__first;
      |                 ~~~~~~~~~~^~~~~~~~~~
/usr/include/c++/13/array: In function ‘void TranslateGRFStrings(ByteReader&)’:
/usr/include/c++/13/array:109:55: note: at offset [21, 9223372036854775797] into destination object ‘std::array<unsigned char, 4>::_M_elems’ of size 4
  109 |       typename __array_traits<_Tp, _Nm>::_Type        _M_elems;
      |                                                       ^~~~~~~~
/usr/include/c++/13/array:109:55: note: at offset 5 into destination object ‘std::array<unsigned char, 4>::_M_elems’ of size 4
/usr/include/c++/13/array:109:55: note: at offset 5 into destination object ‘std::array<unsigned char, 4>::_M_elems’ of size 4
/usr/include/c++/13/array:109:55: note: at offset [21, 9223372036854775797] into destination object ‘std::array<unsigned char, 4>::_M_elems’ of size 4
/usr/include/c++/13/array:109:55: note: at offset 5 into destination object ‘std::array<unsigned char, 4>::_M_elems’ of size 4
/usr/include/c++/13/array:109:55: note: at offset 5 into destination object ‘std::array<unsigned char, 4>::_M_elems’ of size 4
In function ‘constexpr std::__conditional_t<_IsMove, std::ranges::in_out_result<_Iter, _Out>, std::ranges::in_out_result<_Iter, _Out> > std::ranges::__copy_or_move(_Iter, _Sent, _Out) [with bool _IsMove = false; _Iter = const char*; _Sent = const char*; _Out = unsigned char*]’,
    inlined from ‘constexpr std::ranges::copy_result<_Iter, _Out> std::ranges::__copy_fn::operator()(_Iter, _Sent, _Out) const [with _Iter = const char*; _Sent = const char*; _Out = unsigned char*]’ at /usr/include/c++/13/bits/ranges_algobase.h:303:38,
    inlined from ‘constexpr std::ranges::copy_result<std::ranges::borrowed_iterator_t<_Range>, _Out> std::ranges::__copy_fn::operator()(_Range&&, _Out) const [with _Range = std::basic_string_view<char>; _Out = unsigned char*]’ at /usr/include/c++/13/bits/ranges_algobase.h:313:16,
    inlined from ‘T ByteReader::ReadLabel() [with T = Label<GrfIDTag>]’ at /home/flax/games/openspacettd/src/newgrf/newgrf_bytereader.h:106:20,
    inlined from ‘void TranslateGRFStrings(ByteReader&)’ at /home/flax/games/openspacettd/src/newgrf/newgrf_act13.cpp:35:36:
/usr/include/c++/13/bits/ranges_algobase.h:274:27: warning: writing 1 byte into a region of size 0 [-Wstringop-overflow=]
  274 |                 *__result = *__first;
      |                 ~~~~~~~~~~^~~~~~~~~~
/usr/include/c++/13/array: In function ‘void TranslateGRFStrings(ByteReader&)’:
/usr/include/c++/13/array:109:55: note: at offset [22, 9223372036854775798] into destination object ‘std::array<unsigned char, 4>::_M_elems’ of size 4
  109 |       typename __array_traits<_Tp, _Nm>::_Type        _M_elems;
      |                                                       ^~~~~~~~
/usr/include/c++/13/array:109:55: note: at offset 6 into destination object ‘std::array<unsigned char, 4>::_M_elems’ of size 4
/usr/include/c++/13/array:109:55: note: at offset 6 into destination object ‘std::array<unsigned char, 4>::_M_elems’ of size 4
/usr/include/c++/13/array:109:55: note: at offset [22, 9223372036854775798] into destination object ‘std::array<unsigned char, 4>::_M_elems’ of size 4
/usr/include/c++/13/array:109:55: note: at offset 6 into destination object ‘std::array<unsigned char, 4>::_M_elems’ of size 4
/usr/include/c++/13/array:109:55: note: at offset 6 into destination object ‘std::array<unsigned char, 4>::_M_elems’ of size 4
[170/480] Building CXX object CMakeFiles/openttd_lib.dir/src/newgrf/newgrf_act14.cpp.o
In file included from /usr/include/c++/13/bits/ranges_algo.h:38,
                 from /usr/include/c++/13/algorithm:63,
                 from /home/flax/games/openspacettd/src/stdafx.h:43,
                 from /home/flax/games/openspacettd/build/CMakeFiles/openttd_lib.dir/cmake_pch.hxx:5,
                 from <command-line>:
In function ‘constexpr std::__conditional_t<_IsMove, std::ranges::in_out_result<_Iter, _Out>, std::ranges::in_out_result<_Iter, _Out> > std::ranges::__copy_or_move(_Iter, _Sent, _Out) [with bool _IsMove = false; _Iter = const char*; _Sent = const char*; _Out = unsigned char*]’,
    inlined from ‘constexpr std::ranges::copy_result<_Iter, _Out> std::ranges::__copy_fn::operator()(_Iter, _Sent, _Out) const [with _Iter = const char*; _Sent = const char*; _Out = unsigned char*]’ at /usr/include/c++/13/bits/ranges_algobase.h:303:38,
    inlined from ‘constexpr std::ranges::copy_result<std::ranges::borrowed_iterator_t<_Range>, _Out> std::ranges::__copy_fn::operator()(_Range&&, _Out) const [with _Range = std::basic_string_view<char>; _Out = unsigned char*]’ at /usr/include/c++/13/bits/ranges_algobase.h:313:16,
    inlined from ‘T ByteReader::ReadLabel() [with T = Label<NodeIDTag>]’ at /home/flax/games/openspacettd/src/newgrf/newgrf_bytereader.h:106:20,
    inlined from ‘bool HandleNodes(ByteReader&, std::span<const AllowedSubtags>)’ at /home/flax/games/openspacettd/src/newgrf/newgrf_act14.cpp:468:36:
/usr/include/c++/13/bits/ranges_algobase.h:274:27: warning: writing 1 byte into a region of size 0 [-Wstringop-overflow=]
  274 |                 *__result = *__first;
      |                 ~~~~~~~~~~^~~~~~~~~~
In file included from /home/flax/games/openspacettd/src/stdafx.h:44:
/usr/include/c++/13/array: In function ‘bool HandleNodes(ByteReader&, std::span<const AllowedSubtags>)’:
/usr/include/c++/13/array:109:55: note: at offset [20, 9223372036854775796] into destination object ‘std::array<unsigned char, 4>::_M_elems’ of size 4
  109 |       typename __array_traits<_Tp, _Nm>::_Type        _M_elems;
      |                                                       ^~~~~~~~
/usr/include/c++/13/array:109:55: note: at offset 4 into destination object ‘std::array<unsigned char, 4>::_M_elems’ of size 4
/usr/include/c++/13/array:109:55: note: at offset 4 into destination object ‘std::array<unsigned char, 4>::_M_elems’ of size 4
/usr/include/c++/13/array:109:55: note: at offset [20, 9223372036854775796] into destination object ‘std::array<unsigned char, 4>::_M_elems’ of size 4
/usr/include/c++/13/array:109:55: note: at offset 4 into destination object ‘std::array<unsigned char, 4>::_M_elems’ of size 4
/usr/include/c++/13/array:109:55: note: at offset 4 into destination object ‘std::array<unsigned char, 4>::_M_elems’ of size 4
In function ‘constexpr std::__conditional_t<_IsMove, std::ranges::in_out_result<_Iter, _Out>, std::ranges::in_out_result<_Iter, _Out> > std::ranges::__copy_or_move(_Iter, _Sent, _Out) [with bool _IsMove = false; _Iter = const char*; _Sent = const char*; _Out = unsigned char*]’,
    inlined from ‘constexpr std::ranges::copy_result<_Iter, _Out> std::ranges::__copy_fn::operator()(_Iter, _Sent, _Out) const [with _Iter = const char*; _Sent = const char*; _Out = unsigned char*]’ at /usr/include/c++/13/bits/ranges_algobase.h:303:38,
    inlined from ‘constexpr std::ranges::copy_result<std::ranges::borrowed_iterator_t<_Range>, _Out> std::ranges::__copy_fn::operator()(_Range&&, _Out) const [with _Range = std::basic_string_view<char>; _Out = unsigned char*]’ at /usr/include/c++/13/bits/ranges_algobase.h:313:16,
    inlined from ‘T ByteReader::ReadLabel() [with T = Label<NodeIDTag>]’ at /home/flax/games/openspacettd/src/newgrf/newgrf_bytereader.h:106:20,
    inlined from ‘bool HandleNodes(ByteReader&, std::span<const AllowedSubtags>)’ at /home/flax/games/openspacettd/src/newgrf/newgrf_act14.cpp:468:36:
/usr/include/c++/13/bits/ranges_algobase.h:274:27: warning: writing 1 byte into a region of size 0 [-Wstringop-overflow=]
  274 |                 *__result = *__first;
      |                 ~~~~~~~~~~^~~~~~~~~~
/usr/include/c++/13/array: In function ‘bool HandleNodes(ByteReader&, std::span<const AllowedSubtags>)’:
/usr/include/c++/13/array:109:55: note: at offset [21, 9223372036854775797] into destination object ‘std::array<unsigned char, 4>::_M_elems’ of size 4
  109 |       typename __array_traits<_Tp, _Nm>::_Type        _M_elems;
      |                                                       ^~~~~~~~
/usr/include/c++/13/array:109:55: note: at offset 5 into destination object ‘std::array<unsigned char, 4>::_M_elems’ of size 4
/usr/include/c++/13/array:109:55: note: at offset 5 into destination object ‘std::array<unsigned char, 4>::_M_elems’ of size 4
/usr/include/c++/13/array:109:55: note: at offset [21, 9223372036854775797] into destination object ‘std::array<unsigned char, 4>::_M_elems’ of size 4
/usr/include/c++/13/array:109:55: note: at offset 5 into destination object ‘std::array<unsigned char, 4>::_M_elems’ of size 4
/usr/include/c++/13/array:109:55: note: at offset 5 into destination object ‘std::array<unsigned char, 4>::_M_elems’ of size 4
In function ‘constexpr std::__conditional_t<_IsMove, std::ranges::in_out_result<_Iter, _Out>, std::ranges::in_out_result<_Iter, _Out> > std::ranges::__copy_or_move(_Iter, _Sent, _Out) [with bool _IsMove = false; _Iter = const char*; _Sent = const char*; _Out = unsigned char*]’,
    inlined from ‘constexpr std::ranges::copy_result<_Iter, _Out> std::ranges::__copy_fn::operator()(_Iter, _Sent, _Out) const [with _Iter = const char*; _Sent = const char*; _Out = unsigned char*]’ at /usr/include/c++/13/bits/ranges_algobase.h:303:38,
    inlined from ‘constexpr std::ranges::copy_result<std::ranges::borrowed_iterator_t<_Range>, _Out> std::ranges::__copy_fn::operator()(_Range&&, _Out) const [with _Range = std::basic_string_view<char>; _Out = unsigned char*]’ at /usr/include/c++/13/bits/ranges_algobase.h:313:16,
    inlined from ‘T ByteReader::ReadLabel() [with T = Label<NodeIDTag>]’ at /home/flax/games/openspacettd/src/newgrf/newgrf_bytereader.h:106:20,
    inlined from ‘bool HandleNodes(ByteReader&, std::span<const AllowedSubtags>)’ at /home/flax/games/openspacettd/src/newgrf/newgrf_act14.cpp:468:36:
/usr/include/c++/13/bits/ranges_algobase.h:274:27: warning: writing 1 byte into a region of size 0 [-Wstringop-overflow=]
  274 |                 *__result = *__first;
      |                 ~~~~~~~~~~^~~~~~~~~~
/usr/include/c++/13/array: In function ‘bool HandleNodes(ByteReader&, std::span<const AllowedSubtags>)’:
/usr/include/c++/13/array:109:55: note: at offset [22, 9223372036854775798] into destination object ‘std::array<unsigned char, 4>::_M_elems’ of size 4
  109 |       typename __array_traits<_Tp, _Nm>::_Type        _M_elems;
      |                                                       ^~~~~~~~
/usr/include/c++/13/array:109:55: note: at offset 6 into destination object ‘std::array<unsigned char, 4>::_M_elems’ of size 4
/usr/include/c++/13/array:109:55: note: at offset 6 into destination object ‘std::array<unsigned char, 4>::_M_elems’ of size 4
/usr/include/c++/13/array:109:55: note: at offset [22, 9223372036854775798] into destination object ‘std::array<unsigned char, 4>::_M_elems’ of size 4
/usr/include/c++/13/array:109:55: note: at offset 6 into destination object ‘std::array<unsigned char, 4>::_M_elems’ of size 4
/usr/include/c++/13/array:109:55: note: at offset 6 into destination object ‘std::array<unsigned char, 4>::_M_elems’ of size 4
[171/480] Building CXX object CMakeFiles/openttd_lib.dir/src/newgrf/newgrf_stringmapping.cpp.o
[172/480] Building CXX object CMakeFiles/openttd_lib.dir/src/os/unix/crashlog_unix.cpp.o
[173/480] Building CXX object CMakeFiles/openttd_lib.dir/src/os/unix/unix.cpp.o
[174/480] Building CXX object CMakeFiles/openttd_lib.dir/src/pathfinder/yapf/yapf_river_builder.cpp.o
[175/480] Building CXX object CMakeFiles/openttd_lib.dir/src/pathfinder/yapf/yapf_road.cpp.o
[176/480] Building CXX object CMakeFiles/openttd_lib.dir/src/pathfinder/yapf/yapf_rail.cpp.o
[177/480] Building CXX object CMakeFiles/openttd_lib.dir/src/pathfinder/yapf/yapf_ship.cpp.o
[178/480] Building CXX object CMakeFiles/openttd_lib.dir/src/pathfinder/yapf/yapf_ship_regions.cpp.o
[179/480] Building CXX object CMakeFiles/openttd_lib.dir/src/pathfinder/water_regions.cpp.o
[180/480] Building CXX object CMakeFiles/openttd_lib.dir/src/saveload/ai_sl.cpp.o
[181/480] Building CXX object CMakeFiles/openttd_lib.dir/src/saveload/airport_sl.cpp.o
[182/480] Building CXX object CMakeFiles/openttd_lib.dir/src/saveload/afterload.cpp.o
[183/480] Building CXX object CMakeFiles/openttd_lib.dir/src/saveload/animated_tile_sl.cpp.o
[184/480] Building CXX object CMakeFiles/openttd_lib.dir/src/saveload/autoreplace_sl.cpp.o
[185/480] Building CXX object CMakeFiles/openttd_lib.dir/src/saveload/cargomonitor_sl.cpp.o
[186/480] Building CXX object CMakeFiles/openttd_lib.dir/src/saveload/cargopacket_sl.cpp.o
[187/480] Building CXX object CMakeFiles/openttd_lib.dir/src/saveload/cheat_sl.cpp.o
[188/480] Building CXX object CMakeFiles/openttd_lib.dir/src/saveload/depot_sl.cpp.o
[189/480] Building CXX object CMakeFiles/openttd_lib.dir/src/saveload/company_sl.cpp.o
[190/480] Building CXX object CMakeFiles/openttd_lib.dir/src/saveload/economy_sl.cpp.o
[191/480] Building CXX object CMakeFiles/openttd_lib.dir/src/saveload/game_sl.cpp.o
[192/480] Building CXX object CMakeFiles/openttd_lib.dir/src/saveload/engine_sl.cpp.o
[193/480] Building CXX object CMakeFiles/openttd_lib.dir/src/saveload/goal_sl.cpp.o
[194/480] Building CXX object CMakeFiles/openttd_lib.dir/src/saveload/group_sl.cpp.o
[195/480] Building CXX object CMakeFiles/openttd_lib.dir/src/saveload/gamelog_sl.cpp.o
[196/480] Building CXX object CMakeFiles/openttd_lib.dir/src/saveload/labelmaps_sl.cpp.o
[197/480] Building CXX object CMakeFiles/openttd_lib.dir/src/saveload/industry_sl.cpp.o
[198/480] Building CXX object CMakeFiles/openttd_lib.dir/src/saveload/league_sl.cpp.o
[199/480] Building CXX object CMakeFiles/openttd_lib.dir/src/saveload/map_sl.cpp.o
[200/480] Building CXX object CMakeFiles/openttd_lib.dir/src/saveload/misc_sl.cpp.o
[201/480] Building CXX object CMakeFiles/openttd_lib.dir/src/saveload/linkgraph_sl.cpp.o
[202/480] Building CXX object CMakeFiles/openttd_lib.dir/src/saveload/newgrf_sl.cpp.o
[203/480] Building CXX object CMakeFiles/openttd_lib.dir/src/saveload/object_sl.cpp.o
[204/480] Building CXX object CMakeFiles/openttd_lib.dir/src/saveload/oldloader.cpp.o
[205/480] Building CXX object CMakeFiles/openttd_lib.dir/src/saveload/order_sl.cpp.o
[206/480] Building CXX object CMakeFiles/openttd_lib.dir/src/saveload/oldloader_sl.cpp.o
[207/480] Building CXX object CMakeFiles/openttd_lib.dir/src/saveload/randomizer_sl.cpp.o
[208/480] Building CXX object CMakeFiles/openttd_lib.dir/src/saveload/planet_sl.cpp.o
[209/480] Building CXX object CMakeFiles/openttd_lib.dir/src/saveload/settings_sl.cpp.o
[210/480] Building CXX object CMakeFiles/openttd_lib.dir/src/saveload/signs_sl.cpp.o
[211/480] Building CXX object CMakeFiles/openttd_lib.dir/src/saveload/saveload.cpp.o
[212/480] Building CXX object CMakeFiles/openttd_lib.dir/src/saveload/storage_sl.cpp.o
[213/480] Building CXX object CMakeFiles/openttd_lib.dir/src/saveload/station_sl.cpp.o
[214/480] Building CXX object CMakeFiles/openttd_lib.dir/src/saveload/strings_sl.cpp.o
[215/480] Building CXX object CMakeFiles/openttd_lib.dir/src/saveload/story_sl.cpp.o
[216/480] Building CXX object CMakeFiles/openttd_lib.dir/src/saveload/subsidy_sl.cpp.o
[217/480] Building CXX object CMakeFiles/openttd_lib.dir/src/saveload/town_sl.cpp.o
[218/480] Building CXX object CMakeFiles/openttd_lib.dir/src/saveload/vehicle_sl.cpp.o
[219/480] Building CXX object CMakeFiles/openttd_lib.dir/src/saveload/waypoint_sl.cpp.o
[220/480] Building CXX object CMakeFiles/openttd_lib.dir/src/saveload/water_regions_sl.cpp.o
[221/480] Building CXX object CMakeFiles/openttd_lib.dir/src/spriteloader/grf.cpp.o
[222/480] Building CXX object CMakeFiles/openttd_lib.dir/src/timer/timer_game_calendar.cpp.o
[223/480] Building CXX object CMakeFiles/openttd_lib.dir/src/timer/timer_game_economy.cpp.o
[224/480] Building CXX object CMakeFiles/openttd_lib.dir/src/video/sdl2_v.cpp.o
[225/480] Building CXX object CMakeFiles/openttd_lib.dir/src/video/sdl2_default_v.cpp.o
[226/480] Building CXX object CMakeFiles/openttd_lib.dir/src/video/sdl2_opengl_v.cpp.o
[227/480] Building CXX object CMakeFiles/openttd_lib.dir/src/video/dedicated_v.cpp.o
[228/480] Building CXX object CMakeFiles/openttd_lib.dir/src/video/null_v.cpp.o
[229/480] Building CXX object CMakeFiles/openttd_lib.dir/src/video/video_driver.cpp.o
[230/480] Building CXX object CMakeFiles/openttd_lib.dir/src/screenshot_png.cpp.o
[231/480] Building CXX object CMakeFiles/openttd_lib.dir/src/aircraft_gui.cpp.o
[232/480] Building CXX object CMakeFiles/openttd_lib.dir/src/aircraft_cmd.cpp.o
[233/480] Building CXX object CMakeFiles/openttd_lib.dir/src/airport.cpp.o
[234/480] Building CXX object CMakeFiles/openttd_lib.dir/src/animated_tile.cpp.o
[235/480] Building CXX object CMakeFiles/openttd_lib.dir/src/airport_gui.cpp.o
[236/480] Building CXX object CMakeFiles/openttd_lib.dir/src/autocompletion.cpp.o
[237/480] Building CXX object CMakeFiles/openttd_lib.dir/src/articulated_vehicles.cpp.o
[238/480] Building CXX object CMakeFiles/openttd_lib.dir/src/autoreplace.cpp.o
[239/480] Building CXX object CMakeFiles/openttd_lib.dir/src/autoreplace_cmd.cpp.o
[240/480] Building CXX object CMakeFiles/openttd_lib.dir/src/autoreplace_gui.cpp.o
[241/480] Building CXX object CMakeFiles/openttd_lib.dir/src/base_consist.cpp.o
[242/480] Building CXX object CMakeFiles/openttd_lib.dir/src/bootstrap_gui.cpp.o
[243/480] Building CXX object CMakeFiles/openttd_lib.dir/src/bridge_gui.cpp.o
[244/480] Building CXX object CMakeFiles/openttd_lib.dir/src/bridge_map.cpp.o
[245/480] Building CXX object CMakeFiles/openttd_lib.dir/src/cachecheck.cpp.o
[246/480] Building CXX object CMakeFiles/openttd_lib.dir/src/build_vehicle_gui.cpp.o
[247/480] Building CXX object CMakeFiles/openttd_lib.dir/src/cargoaction.cpp.o
[248/480] Building CXX object CMakeFiles/openttd_lib.dir/src/cargomonitor.cpp.o
[249/480] Building CXX object CMakeFiles/openttd_lib.dir/src/cargopacket.cpp.o
[250/480] Building CXX object CMakeFiles/openttd_lib.dir/src/cargotype.cpp.o
[251/480] Building CXX object CMakeFiles/openttd_lib.dir/src/clear_cmd.cpp.o
[252/480] Building CXX object CMakeFiles/openttd_lib.dir/src/cheat_gui.cpp.o
[253/480] Building CXX object CMakeFiles/openttd_lib.dir/src/command.cpp.o
[254/480] Building CXX object CMakeFiles/openttd_lib.dir/src/company_cmd.cpp.o
[255/480] Building CXX object CMakeFiles/openttd_lib.dir/src/company_gui.cpp.o
[256/480] Building CXX object CMakeFiles/openttd_lib.dir/src/console.cpp.o
[257/480] Building CXX object CMakeFiles/openttd_lib.dir/src/console_gui.cpp.o
[258/480] Building CXX object CMakeFiles/openttd_lib.dir/src/crashlog.cpp.o
[259/480] Building CXX object CMakeFiles/openttd_lib.dir/src/console_cmds.cpp.o
[260/480] Building CXX object CMakeFiles/openttd_lib.dir/src/currency.cpp.o
[261/480] Building CXX object CMakeFiles/openttd_lib.dir/src/depot.cpp.o
[262/480] Building CXX object CMakeFiles/openttd_lib.dir/src/debug.cpp.o
[263/480] Building CXX object CMakeFiles/openttd_lib.dir/src/depot_cmd.cpp.o
[264/480] Building CXX object CMakeFiles/openttd_lib.dir/src/depot_gui.cpp.o
[265/480] Building CXX object CMakeFiles/openttd_lib.dir/src/disaster_vehicle.cpp.o
[266/480] Building CXX object CMakeFiles/openttd_lib.dir/src/driver.cpp.o
[267/480] Building CXX object CMakeFiles/openttd_lib.dir/src/dock_gui.cpp.o
[268/480] Building CXX object CMakeFiles/openttd_lib.dir/src/effectvehicle.cpp.o
[269/480] Building CXX object CMakeFiles/openttd_lib.dir/src/elrail.cpp.o
[270/480] Building CXX object CMakeFiles/openttd_lib.dir/src/economy.cpp.o
[271/480] Building CXX object CMakeFiles/openttd_lib.dir/src/engine.cpp.o
[272/480] Building CXX object CMakeFiles/openttd_lib.dir/src/engine_gui.cpp.o
[273/480] Building CXX object CMakeFiles/openttd_lib.dir/src/error_gui.cpp.o
[274/480] Building CXX object CMakeFiles/openttd_lib.dir/src/fileio.cpp.o
[275/480] Building CXX object CMakeFiles/openttd_lib.dir/src/fios.cpp.o
[276/480] Building CXX object CMakeFiles/openttd_lib.dir/src/fontcache.cpp.o
[277/480] Building CXX object CMakeFiles/openttd_lib.dir/src/fios_gui.cpp.o
[278/480] Building CXX object CMakeFiles/openttd_lib.dir/src/framerate_gui.cpp.o
[279/480] Building CXX object CMakeFiles/openttd_lib.dir/src/gamelog.cpp.o
[280/480] Building CXX object CMakeFiles/openttd_lib.dir/src/genworld_gui.cpp.o
[281/480] Building CXX object CMakeFiles/openttd_lib.dir/src/genworld.cpp.o
[282/480] Building CXX object CMakeFiles/openttd_lib.dir/src/gfx.cpp.o
[283/480] Building CXX object CMakeFiles/openttd_lib.dir/src/gfxinit.cpp.o
[284/480] Building CXX object CMakeFiles/openttd_lib.dir/src/goal.cpp.o
[285/480] Building CXX object CMakeFiles/openttd_lib.dir/src/goal_gui.cpp.o
[286/480] Building CXX object CMakeFiles/openttd_lib.dir/src/ground_vehicle.cpp.o
[287/480] Building CXX object CMakeFiles/openttd_lib.dir/src/graph_gui.cpp.o
[288/480] Building CXX object CMakeFiles/openttd_lib.dir/src/group_cmd.cpp.o
[289/480] Building CXX object CMakeFiles/openttd_lib.dir/src/group_gui.cpp.o
[290/480] Building CXX object CMakeFiles/openttd_lib.dir/src/heightmap.cpp.o
[291/480] Building CXX object CMakeFiles/openttd_lib.dir/src/highscore.cpp.o
[292/480] Building CXX object CMakeFiles/openttd_lib.dir/src/highscore_gui.cpp.o
[293/480] Building CXX object CMakeFiles/openttd_lib.dir/src/industry_gui.cpp.o
[294/480] Building CXX object CMakeFiles/openttd_lib.dir/src/industry_cmd.cpp.o
[295/480] Building CXX object CMakeFiles/openttd_lib.dir/src/intro_gui.cpp.o
[296/480] Building CXX object CMakeFiles/openttd_lib.dir/src/league_cmd.cpp.o
[297/480] Building CXX object CMakeFiles/openttd_lib.dir/src/landscape.cpp.o
[298/480] Building CXX object CMakeFiles/openttd_lib.dir/src/league_gui.cpp.o
[299/480] Building CXX object CMakeFiles/openttd_lib.dir/src/main_gui.cpp.o
[300/480] Building CXX object CMakeFiles/openttd_lib.dir/src/map.cpp.o
[301/480] Building CXX object CMakeFiles/openttd_lib.dir/src/misc.cpp.o
[302/480] Building CXX object CMakeFiles/openttd_lib.dir/src/misc_cmd.cpp.o
[303/480] Building CXX object CMakeFiles/openttd_lib.dir/src/mixer.cpp.o
[304/480] Building CXX object CMakeFiles/openttd_lib.dir/src/misc_gui.cpp.o
[305/480] Building CXX object CMakeFiles/openttd_lib.dir/src/music_gui.cpp.o
[306/480] Building CXX object CMakeFiles/openttd_lib.dir/src/newgrf_airport.cpp.o
[307/480] Building CXX object CMakeFiles/openttd_lib.dir/src/newgrf_airporttiles.cpp.o
[308/480] Building CXX object CMakeFiles/openttd_lib.dir/src/newgrf.cpp.o
[309/480] Building CXX object CMakeFiles/openttd_lib.dir/src/newgrf_badge_config.cpp.o
[310/480] Building CXX object CMakeFiles/openttd_lib.dir/src/newgrf_badge.cpp.o
[311/480] Building CXX object CMakeFiles/openttd_lib.dir/src/newgrf_canal.cpp.o
[312/480] Building CXX object CMakeFiles/openttd_lib.dir/src/newgrf_cargo.cpp.o
[313/480] Building CXX object CMakeFiles/openttd_lib.dir/src/newgrf_badge_gui.cpp.o
[314/480] Building CXX object CMakeFiles/openttd_lib.dir/src/newgrf_commons.cpp.o
[315/480] Building CXX object CMakeFiles/openttd_lib.dir/src/newgrf_config.cpp.o
[316/480] Building CXX object CMakeFiles/openttd_lib.dir/src/newgrf_debug_gui.cpp.o
[317/480] Building CXX object CMakeFiles/openttd_lib.dir/src/newgrf_engine.cpp.o
[318/480] Building CXX object CMakeFiles/openttd_lib.dir/src/newgrf_generic.cpp.o
[319/480] Building CXX object CMakeFiles/openttd_lib.dir/src/newgrf_house.cpp.o
[320/480] Building CXX object CMakeFiles/openttd_lib.dir/src/newgrf_gui.cpp.o
[321/480] Building CXX object CMakeFiles/openttd_lib.dir/src/newgrf_industries.cpp.o
[322/480] Building CXX object CMakeFiles/openttd_lib.dir/src/newgrf_industrytiles.cpp.o
[323/480] Building CXX object CMakeFiles/openttd_lib.dir/src/newgrf_object.cpp.o
[324/480] Building CXX object CMakeFiles/openttd_lib.dir/src/newgrf_profiling.cpp.o
[325/480] Building CXX object CMakeFiles/openttd_lib.dir/src/newgrf_railtype.cpp.o
[326/480] Building CXX object CMakeFiles/openttd_lib.dir/src/newgrf_roadtype.cpp.o
[327/480] Building CXX object CMakeFiles/openttd_lib.dir/src/newgrf_roadstop.cpp.o
[328/480] Building CXX object CMakeFiles/openttd_lib.dir/src/newgrf_sound.cpp.o
[329/480] Building CXX object CMakeFiles/openttd_lib.dir/src/newgrf_spritegroup.cpp.o
[330/480] Building CXX object CMakeFiles/openttd_lib.dir/src/newgrf_town.cpp.o
[331/480] Building CXX object CMakeFiles/openttd_lib.dir/src/newgrf_station.cpp.o
[332/480] Building CXX object CMakeFiles/openttd_lib.dir/src/news_gui.cpp.o
[333/480] Building CXX object CMakeFiles/openttd_lib.dir/src/object_cmd.cpp.o
[334/480] Building CXX object CMakeFiles/openttd_lib.dir/src/object_gui.cpp.o
[335/480] Building CXX object CMakeFiles/openttd_lib.dir/src/order_backup.cpp.o
[336/480] Building CXX object CMakeFiles/openttd_lib.dir/src/openttd.cpp.o
[337/480] Building CXX object CMakeFiles/openttd_lib.dir/src/order_cmd.cpp.o
[338/480] Building CXX object CMakeFiles/openttd_lib.dir/src/osk_gui.cpp.o
[339/480] Building CXX object CMakeFiles/openttd_lib.dir/src/order_gui.cpp.o
[340/480] Building CXX object CMakeFiles/openttd_lib.dir/src/palette.cpp.o
[341/480] Building CXX object CMakeFiles/openttd_lib.dir/src/pbs.cpp.o
[342/480] Building CXX object CMakeFiles/openttd_lib.dir/src/portal/edge_conduit.cpp.o
[343/480] Building CXX object CMakeFiles/openttd_lib.dir/src/picker_gui.cpp.o
[344/480] Building CXX object CMakeFiles/openttd_lib.dir/src/portal/corporate_hq.cpp.o
[345/480] Building CXX object CMakeFiles/openttd_lib.dir/src/portal/logistics_hub.cpp.o
[346/480] Building CXX object CMakeFiles/openttd_lib.dir/src/portal/corporate_hq_gui.cpp.o
[347/480] Building CXX object CMakeFiles/openttd_lib.dir/src/portal/tech_tree.cpp.o
[348/480] Building CXX object CMakeFiles/openttd_lib.dir/src/portal/fabrication_manager.cpp.o
[349/480] Building CXX object CMakeFiles/openttd_lib.dir/src/portal/production_chain.cpp.o
[350/480] Building CXX object CMakeFiles/openttd_lib.dir/src/portal/commonwealth_pack.cpp.o
[351/480] Building CXX object CMakeFiles/openttd_lib.dir/src/portal/content_manifest.cpp.o
[352/480] Building CXX object CMakeFiles/openttd_lib.dir/src/portal/consist_materializer.cpp.o
[353/480] Building CXX object CMakeFiles/openttd_lib.dir/src/portal/consist_snapshot.cpp.o
[354/480] Building CXX object CMakeFiles/openttd_lib.dir/src/portal/federation_auth_gui.cpp.o
[355/480] Building CXX object CMakeFiles/openttd_lib.dir/src/portal/federation_cmd.cpp.o
[356/480] Building CXX object CMakeFiles/openttd_lib.dir/src/portal/federation_identity.cpp.o
[357/480] Building CXX object CMakeFiles/openttd_lib.dir/src/portal/freight_corridor_gui.cpp.o
[358/480] Building CXX object CMakeFiles/openttd_lib.dir/src/portal/megacity_gui.cpp.o
[359/480] Building CXX object CMakeFiles/openttd_lib.dir/src/portal/trade_ledger_gui.cpp.o
[360/480] Building CXX object CMakeFiles/openttd_lib.dir/src/portal/universe_authority.cpp.o
[361/480] Building CXX object CMakeFiles/openttd_lib.dir/src/portal/universe_directory_gui.cpp.o
[362/480] Building CXX object CMakeFiles/openttd_lib.dir/src/portal/planet_manager.cpp.o
[363/480] Building CXX object CMakeFiles/openttd_lib.dir/src/portal/portal_cmd.cpp.o
[364/480] Building CXX object CMakeFiles/openttd_lib.dir/src/portal/portal_registry.cpp.o
[365/480] Building CXX object CMakeFiles/openttd_lib.dir/src/portal/portal_terminal.cpp.o
[366/480] Building CXX object CMakeFiles/openttd_lib.dir/src/portal/world_gen.cpp.o
[367/480] Building CXX object CMakeFiles/openttd_lib.dir/src/portal/spaceport_manager.cpp.o
[368/480] Building CXX object CMakeFiles/openttd_lib.dir/src/blueprint/blueprint_cmd.cpp.o
[369/480] Building CXX object CMakeFiles/openttd_lib.dir/src/blueprint/blueprint_gui.cpp.o
[370/480] Building CXX object CMakeFiles/openttd_lib.dir/src/blueprint/blueprint.cpp.o
[371/480] Building CXX object CMakeFiles/openttd_lib.dir/src/rail.cpp.o
[372/480] Building CXX object CMakeFiles/openttd_lib.dir/src/blueprint/blueprint_manager.cpp.o
[373/480] Building CXX object CMakeFiles/openttd_lib.dir/src/rail_cmd.cpp.o
[374/480] Building CXX object CMakeFiles/openttd_lib.dir/src/road.cpp.o
[375/480] Building CXX object CMakeFiles/openttd_lib.dir/src/rail_gui.cpp.o
[376/480] Building CXX object CMakeFiles/openttd_lib.dir/src/road_cmd.cpp.o
[377/480] Building CXX object CMakeFiles/openttd_lib.dir/src/road_map.cpp.o
[378/480] Building CXX object CMakeFiles/openttd_lib.dir/src/road_gui.cpp.o
/home/flax/games/openspacettd/src/road_gui.cpp: In member function ‘virtual void BuildRoadToolbarWindow::OnClick(Point, WidgetID, int)’:
/home/flax/games/openspacettd/src/road_gui.cpp:610:33: warning: ‘started’ may be used uninitialized [-Wmaybe-uninitialized]
  610 |                                 if (started) {
      |                                 ^~
/home/flax/games/openspacettd/src/road_gui.cpp:581:22: note: ‘started’ was declared here
  581 |                 bool started;
      |                      ^~~~~~~
[379/480] Building CXX object CMakeFiles/openttd_lib.dir/src/roadstop.cpp.o
[380/480] Building CXX object CMakeFiles/openttd_lib.dir/src/roadveh_gui.cpp.o
[381/480] Building CXX object CMakeFiles/openttd_lib.dir/src/roadveh_cmd.cpp.o
[382/480] Building CXX object CMakeFiles/openttd_lib.dir/src/screensaver.cpp.o
[383/480] Building CXX object CMakeFiles/openttd_lib.dir/src/screenshot.cpp.o
[384/480] Building CXX object CMakeFiles/openttd_lib.dir/src/settingentry_gui.cpp.o
[385/480] Building CXX object CMakeFiles/openttd_lib.dir/src/settings.cpp.o
[386/480] Building CXX object CMakeFiles/openttd_lib.dir/src/settings_gui.cpp.o
[387/480] Building CXX object CMakeFiles/openttd_lib.dir/src/ship_cmd.cpp.o
[388/480] Building CXX object CMakeFiles/openttd_lib.dir/src/ship_gui.cpp.o
[389/480] Building CXX object CMakeFiles/openttd_lib.dir/src/signal.cpp.o
[390/480] Building CXX object CMakeFiles/openttd_lib.dir/src/settings_table.cpp.o
[391/480] Building CXX object CMakeFiles/openttd_lib.dir/src/signs.cpp.o
[392/480] Building CXX object CMakeFiles/openttd_lib.dir/src/signs_cmd.cpp.o
[393/480] Building CXX object CMakeFiles/openttd_lib.dir/src/signs_gui.cpp.o
[394/480] Building CXX object CMakeFiles/openttd_lib.dir/src/sound.cpp.o
[395/480] Building CXX object CMakeFiles/openttd_lib.dir/src/smallmap_gui.cpp.o
[396/480] Building CXX object CMakeFiles/openttd_lib.dir/src/sprite.cpp.o
[397/480] Building CXX object CMakeFiles/openttd_lib.dir/src/spritecache.cpp.o
[398/480] Building CXX object CMakeFiles/openttd_lib.dir/src/station.cpp.o
[399/480] Building CXX object CMakeFiles/openttd_lib.dir/src/station_gui.cpp.o
[400/480] Building CXX object CMakeFiles/openttd_lib.dir/src/station_cmd.cpp.o
[401/480] Building CXX object CMakeFiles/openttd_lib.dir/src/statusbar_gui.cpp.o
[402/480] Building CXX object CMakeFiles/openttd_lib.dir/src/story.cpp.o
[403/480] Building CXX object CMakeFiles/openttd_lib.dir/src/story_gui.cpp.o
[404/480] Building CXX object CMakeFiles/openttd_lib.dir/src/subsidy.cpp.o
[405/480] Building CXX object CMakeFiles/openttd_lib.dir/src/strings.cpp.o
[406/480] Building CXX object CMakeFiles/openttd_lib.dir/src/subsidy_gui.cpp.o
[407/480] Building CXX object CMakeFiles/openttd_lib.dir/src/terraform_cmd.cpp.o
[408/480] Building CXX object CMakeFiles/openttd_lib.dir/src/survey.cpp.o
[409/480] Building CXX object CMakeFiles/openttd_lib.dir/src/terraform_gui.cpp.o
[410/480] Building CXX object CMakeFiles/openttd_lib.dir/src/texteff.cpp.o
[411/480] Building CXX object CMakeFiles/openttd_lib.dir/src/tile_map.cpp.o
[412/480] Building CXX object CMakeFiles/openttd_lib.dir/src/tgp.cpp.o
[413/480] Building CXX object CMakeFiles/openttd_lib.dir/src/timetable_cmd.cpp.o
[414/480] Building CXX object CMakeFiles/openttd_lib.dir/src/timetable_gui.cpp.o
[415/480] Building CXX object CMakeFiles/openttd_lib.dir/src/toolbar_gui.cpp.o
[416/480] Building CXX object CMakeFiles/openttd_lib.dir/src/town_gui.cpp.o
[417/480] Building CXX object CMakeFiles/openttd_lib.dir/src/town_cmd.cpp.o
[418/480] Building CXX object CMakeFiles/openttd_lib.dir/src/train_cmd.cpp.o
[419/480] Building CXX object CMakeFiles/openttd_lib.dir/src/train_gui.cpp.o
[420/480] Building CXX object CMakeFiles/openttd_lib.dir/src/townname.cpp.o
[421/480] Building CXX object CMakeFiles/openttd_lib.dir/src/transparency_gui.cpp.o
[422/480] Building CXX object CMakeFiles/openttd_lib.dir/src/tree_cmd.cpp.o
[423/480] Building CXX object CMakeFiles/openttd_lib.dir/src/tree_gui.cpp.o
[424/480] Building CXX object CMakeFiles/openttd_lib.dir/src/tunnel_map.cpp.o
[425/480] Building CXX object CMakeFiles/openttd_lib.dir/src/tunnelbridge_cmd.cpp.o
[426/480] Building CXX object CMakeFiles/openttd_lib.dir/src/vehicle.cpp.o
[427/480] Building CXX object CMakeFiles/openttd_lib.dir/src/vehicle_cmd.cpp.o
[428/480] Building CXX object CMakeFiles/openttd_lib.dir/src/vehiclelist.cpp.o
[429/480] Building CXX object CMakeFiles/openttd_lib.dir/src/vehicle_gui.cpp.o
[430/480] Building CXX object CMakeFiles/openttd_lib.dir/src/viewport.cpp.o
[431/480] Building CXX object CMakeFiles/openttd_lib.dir/src/viewport_gui.cpp.o
[432/480] Building CXX object CMakeFiles/openttd_lib.dir/src/void_cmd.cpp.o
[433/480] Building CXX object CMakeFiles/openttd_lib.dir/src/waypoint.cpp.o
[434/480] Building CXX object CMakeFiles/openttd_lib.dir/src/water_cmd.cpp.o
[435/480] Building CXX object CMakeFiles/openttd_lib.dir/src/waypoint_gui.cpp.o
[436/480] Building CXX object CMakeFiles/openttd_lib.dir/src/waypoint_cmd.cpp.o
[437/480] Building CXX object CMakeFiles/openttd_lib.dir/src/widget.cpp.o
[438/480] Building CXX object CMakeFiles/openttd_lib.dir/src/window.cpp.o
[439/480] Building CXX object CMakeFiles/openttd_test.dir/src/tests/test_error_gui.cpp.o
[440/480] Linking CXX executable openttd
[441/480] Building CXX object CMakeFiles/openttd_test.dir/src/tests/test_command_authority_network.cpp.o
[442/480] Building CXX object CMakeFiles/openttd_test.dir/src/tests/test_command_authority.cpp.o
[443/480] Building CXX object CMakeFiles/openttd_test.dir/src/tests/landscape_partial_pixel_z.cpp.o
[444/480] Building CXX object CMakeFiles/openttd_test.dir/src/tests/test_placement_restrictions.cpp.o
[445/480] Building CXX object CMakeFiles/openttd_test.dir/src/tests/test_planet_manager.cpp.o
[446/480] Building CXX object CMakeFiles/openttd_test.dir/src/tests/test_planet_ui.cpp.o
[447/480] Building CXX object CMakeFiles/openttd_test.dir/src/tests/test_saveload_planet.cpp.o
[448/480] Building CXX object CMakeFiles/openttd_test.dir/src/tests/test_portal_wormhole.cpp.o
[449/480] Building CXX object CMakeFiles/openttd_test.dir/src/tests/test_consist_traversal.cpp.o
[450/480] Building CXX object CMakeFiles/openttd_test.dir/src/tests/test_federation.cpp.o
[451/480] Building CXX object CMakeFiles/openttd_test.dir/src/tests/test_federation_transfer.cpp.o
/home/flax/games/openspacettd/src/tests/test_federation_transfer.cpp: In function ‘void C_A_T_C_H_T_E_S_T_4()’:
/home/flax/games/openspacettd/src/tests/test_federation_transfer.cpp:178:9: warning: missing initializer for member ‘RegisteredWorld::address’ [-Wmissing-field-initializers]
  178 |         };
      |         ^
/home/flax/games/openspacettd/src/tests/test_federation_transfer.cpp:178:9: warning: missing initializer for member ‘RegisteredWorld::description’ [-Wmissing-field-initializers]
/home/flax/games/openspacettd/src/tests/test_federation_transfer.cpp:183:9: warning: missing initializer for member ‘RegisteredWorld::address’ [-Wmissing-field-initializers]
  183 |         };
      |         ^
/home/flax/games/openspacettd/src/tests/test_federation_transfer.cpp:183:9: warning: missing initializer for member ‘RegisteredWorld::description’ [-Wmissing-field-initializers]
/home/flax/games/openspacettd/src/tests/test_federation_transfer.cpp: In function ‘void C_A_T_C_H_T_E_S_T_6()’:
/home/flax/games/openspacettd/src/tests/test_federation_transfer.cpp:270:101: warning: missing initializer for member ‘RegisteredWorld::address’ [-Wmissing-field-initializers]
  270 |         RegisteredWorld w1{.world_id = WorldID{1}, .phase = WorldPhase::Phase1_Core, .name = "Alpha"};
      |                                                                                                     ^
/home/flax/games/openspacettd/src/tests/test_federation_transfer.cpp:270:101: warning: missing initializer for member ‘RegisteredWorld::description’ [-Wmissing-field-initializers]
/home/flax/games/openspacettd/src/tests/test_federation_transfer.cpp:271:104: warning: missing initializer for member ‘RegisteredWorld::address’ [-Wmissing-field-initializers]
  271 |         RegisteredWorld w2{.world_id = WorldID{2}, .phase = WorldPhase::Phase3_Frontier, .name = "Beta"};
      |                                                                                                        ^
/home/flax/games/openspacettd/src/tests/test_federation_transfer.cpp:271:104: warning: missing initializer for member ‘RegisteredWorld::description’ [-Wmissing-field-initializers]
[452/480] Building CXX object CMakeFiles/openttd_test.dir/src/tests/test_federation_persistent_universe.cpp.o
[453/480] Building CXX object CMakeFiles/openttd_test.dir/src/tests/test_megacity_gui.cpp.o
[454/480] Building CXX object CMakeFiles/openttd_test.dir/src/tests/test_federation_megacity_economy.cpp.o
[455/480] Building CXX object CMakeFiles/openttd_test.dir/src/tests/test_federation_cluster.cpp.o
[456/480] Building CXX object CMakeFiles/openttd_test.dir/src/tests/test_federation_order_restoration.cpp.o
[457/480] Building CXX object CMakeFiles/openttd_test.dir/src/tests/test_world_gen.cpp.o
[458/480] Building CXX object CMakeFiles/openttd_test.dir/src/tests/test_portal_construction.cpp.o
[459/480] Building CXX object CMakeFiles/openttd_test.dir/src/tests/test_interplanetary_cargo.cpp.o
[460/480] Building CXX object CMakeFiles/openttd_test.dir/src/tests/test_spaceports_and_conduits.cpp.o
[461/480] Building CXX object CMakeFiles/openttd_test.dir/src/tests/test_spaceport_conduit_bridge.cpp.o
[462/480] Building CXX object CMakeFiles/openttd_test.dir/src/tests/test_gateway_arrays_and_telemetry.cpp.o
[463/480] Building CXX object CMakeFiles/openttd_test.dir/src/tests/test_sprint24_alien_biomes.cpp.o
[464/480] Building CXX object CMakeFiles/openttd_test.dir/src/tests/test_cst_prefabs.cpp.o
[465/480] Building CXX object CMakeFiles/openttd_test.dir/src/tests/test_blueprint.cpp.o
[466/480] Building CXX object CMakeFiles/openttd_test.dir/src/tests/test_sprint27_feature_ui.cpp.o
[467/480] Building CXX object CMakeFiles/openttd_test.dir/src/tests/test_sprint28_guided_uat.cpp.o
[468/480] Building CXX object CMakeFiles/openttd_test.dir/src/tests/test_sprint29_federation_acceptance.cpp.o
[469/480] Building CXX object CMakeFiles/openttd_test.dir/src/tests/test_sprint30_biomes_colonization.cpp.o
[470/480] Building CXX object CMakeFiles/openttd_test.dir/src/tests/test_sprint31_colonization_gui.cpp.o
/home/flax/games/openspacettd/src/tests/test_sprint31_colonization_gui.cpp: In function ‘void C_A_T_C_H_T_E_S_T_4()’:
/home/flax/games/openspacettd/src/tests/test_sprint31_colonization_gui.cpp:134:9: warning: missing initializer for member ‘RegisteredWorld::address’ [-Wmissing-field-initializers]
  134 |         };
      |         ^
/home/flax/games/openspacettd/src/tests/test_sprint31_colonization_gui.cpp:134:9: warning: missing initializer for member ‘RegisteredWorld::description’ [-Wmissing-field-initializers]
/home/flax/games/openspacettd/src/tests/test_sprint31_colonization_gui.cpp:140:9: warning: missing initializer for member ‘RegisteredWorld::address’ [-Wmissing-field-initializers]
  140 |         };
      |         ^
/home/flax/games/openspacettd/src/tests/test_sprint31_colonization_gui.cpp:140:9: warning: missing initializer for member ‘RegisteredWorld::description’ [-Wmissing-field-initializers]
/home/flax/games/openspacettd/src/tests/test_sprint31_colonization_gui.cpp:146:9: warning: missing initializer for member ‘RegisteredWorld::address’ [-Wmissing-field-initializers]
  146 |         };
      |         ^
/home/flax/games/openspacettd/src/tests/test_sprint31_colonization_gui.cpp:146:9: warning: missing initializer for member ‘RegisteredWorld::description’ [-Wmissing-field-initializers]
/home/flax/games/openspacettd/src/tests/test_sprint31_colonization_gui.cpp:152:9: warning: missing initializer for member ‘RegisteredWorld::address’ [-Wmissing-field-initializers]
  152 |         };
      |         ^
/home/flax/games/openspacettd/src/tests/test_sprint31_colonization_gui.cpp:152:9: warning: missing initializer for member ‘RegisteredWorld::description’ [-Wmissing-field-initializers]
/home/flax/games/openspacettd/src/tests/test_sprint31_colonization_gui.cpp:158:9: warning: missing initializer for member ‘RegisteredWorld::address’ [-Wmissing-field-initializers]
  158 |         };
      |         ^
/home/flax/games/openspacettd/src/tests/test_sprint31_colonization_gui.cpp:158:9: warning: missing initializer for member ‘RegisteredWorld::description’ [-Wmissing-field-initializers]
/home/flax/games/openspacettd/src/tests/test_sprint31_colonization_gui.cpp:164:9: warning: missing initializer for member ‘RegisteredWorld::address’ [-Wmissing-field-initializers]
  164 |         };
      |         ^
/home/flax/games/openspacettd/src/tests/test_sprint31_colonization_gui.cpp:164:9: warning: missing initializer for member ‘RegisteredWorld::description’ [-Wmissing-field-initializers]
/home/flax/games/openspacettd/src/tests/test_sprint31_colonization_gui.cpp: In function ‘void C_A_T_C_H_T_E_S_T_6()’:
/home/flax/games/openspacettd/src/tests/test_sprint31_colonization_gui.cpp:191:9: warning: missing initializer for member ‘RegisteredWorld::address’ [-Wmissing-field-initializers]
  191 |         };
      |         ^
/home/flax/games/openspacettd/src/tests/test_sprint31_colonization_gui.cpp:191:9: warning: missing initializer for member ‘RegisteredWorld::description’ [-Wmissing-field-initializers]
/home/flax/games/openspacettd/src/tests/test_sprint31_colonization_gui.cpp:197:9: warning: missing initializer for member ‘RegisteredWorld::address’ [-Wmissing-field-initializers]
  197 |         };
      |         ^
/home/flax/games/openspacettd/src/tests/test_sprint31_colonization_gui.cpp:197:9: warning: missing initializer for member ‘RegisteredWorld::description’ [-Wmissing-field-initializers]
[471/480] Building CXX object CMakeFiles/openttd_test.dir/src/tests/test_sprint32_lifecycle_and_tech.cpp.o
[472/480] Building CXX object CMakeFiles/openttd_test.dir/src/tests/test_sprint33_planetary_economy_and_megacity.cpp.o
[473/480] Building CXX object CMakeFiles/openttd_test.dir/src/tests/test_sprint36_all_features_uat.cpp.o
[474/480] Building CXX object CMakeFiles/openttd_test.dir/src/tests/test_sprint37_commonwealth_pack.cpp.o
[475/480] Building CXX object CMakeFiles/openttd_test.dir/src/tests/test_sprint39_corporate_hq_and_stockpile.cpp.o
[476/480] Building CXX object CMakeFiles/openttd_test.dir/src/tests/test_sprint40_fabrication_engine.cpp.o
[477/480] Building CXX object CMakeFiles/openttd_test.dir/src/tests/test_sprint41_tech_tree.cpp.o
[478/480] Building CXX object CMakeFiles/openttd_test.dir/src/tests/test_script_admin.cpp.o
[479/480] Building CXX object CMakeFiles/openttd_test.dir/src/tests/test_sprint42_production_chains.cpp.o
[480/480] Linking CXX executable openttd_test
